Date,half,Lineup,timex,timey,2ptA,name,2ptM,name,3ptA,name,3ptM,name,FGA,name,FGM,name,FTA,name,"FTM,",name,OREB,name,DREB,name,Asst,name,TOV,name,Steal,name,Foul,name,Block,name,Pts,name,opp_2ptA,opp_2ptM,opp_3ptA,opp_3ptM,opp_FGA,opp_FGM,opp_FTA,opp_FTMf,opp_OREB,opp_DREB,opp_Asst,opp_TOV,opp_Steal,opp_Foul,opp_Block,opp_Pts
20181129,1,"['casey,bobby', 'feinberg,henry', 'heskett,james', 'karpowicz,matt', 'scadlock,kyle']",20:00,19:29,0,,0,,0,,0,,0,,0,,0,,0,,0,,0,,0,,0,,0,,0,,0,,0,,0,0,1,0,1,0,0,0,0,0,0,0,0,0,0,0
20181129,1,"['casey,bobby', 'feinberg,henry', 'heskett,james', 'karpowicz,matt', 'scadlock,kyle']",19:29,19:29,0,,0,,0,,0,,0,,0,,0,,0,,0,,1,"karpowicz,matt",0,,0,,0,,0,,0,,0,,0,0,0,0,0,0,0,0,0,0,0,0,0,0,0,0
20181129,1,"['casey,bobby', 'feinberg,henry', 'heskett,james', 'karpowicz,matt', 'scadlock,kyle']",19:29,19:21,0,,0,,1,"heskett,james",0,,1,"heskett,james",0,,0,,0,,0,,0,,0,,0,,0,,0,,0,,0,,0,0,0,0,0,0,0,0,0,0,0,0,0,0,0,0
20181129,1,"['casey,bobby', 'feinberg,henry', 'heskett,james', 'karpowicz,matt', 'scadlock,kyle']",19:21,19:21,0,,0,,0,,0,,0,,0,,0,,0,,1,"karpowicz,matt",0,,0,,0,,0,,0,,0,,0,,0,0,0,0,0,0,0,0,0,0,0,0,0,0,0,0
20181129,1,"['casey,bobby', 'feinberg,henry', 'heskett,james', 'karpowicz,matt', 'scadlock,kyle']",19:21,19:13,1,"heskett,james",0,,0,,0,,1,"heskett,james",0,,0,,0,,0,,0,,0,,0,,0,,0,,0,,0,,0,0,0,0,0,0,0,0,0,0,0,0,0,0,0,0
20181129,1,"['casey,bobby', 'feinberg,henry', 'heskett,james', 'karpowicz,matt', 'scadlock,kyle']",19:13,19:13,0,,0,,0,,0,,0,,0,,0,,0,,0,,0,,0,,0,,0,,0,,0,,0,,0,0,0,0,0,0,0,0,0,1,0,0,0,0,0,0
20181129,1,"['casey,bobby', 'feinberg,henry', 'heskett,james', 'karpowicz,matt', 'scadlock,kyle']",19:13,18:48,0,,0,,0,,0,,0,,0,,0,,0,,0,,0,,0,,0,,0,,0,,0,,0,,0,0,1,0,1,0,0,0,0,0,0,0,0,0,0,0
20181129,1,"['casey,bobby', 'feinberg,henry', 'heskett,james', 'karpowicz,matt', 'scadlock,kyle']",18:48,18:48,0,,0,,0,,0,,0,,0,,0,,0,,0,,0,,0,,0,,0,,0,,1,"feinberg,henry",0,,0,0,0,0,0,0,0,0,0,0,0,0,0,0,0,0
20181129,1,"['casey,bobby', 'feinberg,henry', 'heskett,james', 'karpowicz,matt', 'scadlock,kyle']",18:48,18:48,0,,0,,0,,0,,0,,0,,0,,0,,0,,1,"casey,bobby",0,,0,,0,,0,,0,,0,,0,0,0,0,0,0,0,0,0,0,0,0,0,0,0,0
20181129,1,"['casey,bobby', 'feinberg,henry', 'heskett,james', 'karpowicz,matt', 'scadlock,kyle']",18:48,18:41,0,,0,,0,,0,,0,,0,,0,,0,,0,,0,,0,,0,,0,,1,"scadlock,kyle",0,,0,,0,0,0,0,0,0,0,0,0,0,0,0,0,0,0,0
20181129,1,"['casey,bobby', 'feinberg,henry', 'heskett,james', 'karpowicz,matt', 'scadlock,kyle']",18:41,18:41,0,,0,,0,,0,,0,,0,,0,,0,,0,,0,,0,,1,"scadlock,kyle",0,,0,,0,,0,,0,0,0,0,0,0,0,0,0,0,0,0,0,0,0,0
20181129,1,"['casey,bobby', 'feinberg,henry', 'heskett,james', 'karpowicz,matt', 'scadlock,kyle']",18:41,18:18,0,,0,,0,,0,,0,,0,,0,,0,,0,,0,,0,,0,,0,,0,,0,,0,,1,0,0,0,1,0,0,0,0,0,0,0,0,0,0,0
20181129,1,"['casey,bobby', 'feinberg,henry', 'heskett,james', 'karpowicz,matt', 'scadlock,kyle']",18:18,18:18,0,,0,,0,,0,,0,,0,,0,,0,,0,,1,"heskett,james",0,,0,,0,,0,,0,,0,,0,0,0,0,0,0,0,0,0,0,0,0,0,0,0,0
20181129,1,"['casey,bobby', 'feinberg,henry', 'heskett,james', 'karpowicz,matt', 'scadlock,kyle']",18:18,18:01,0,,0,,1,"heskett,james",1,"heskett,james",1,"heskett,james",1,"heskett,james",0,,0,,0,,0,,0,,0,,0,,0,,0,,3,"heskett,james",0,0,0,0,0,0,0,0,0,0,0,0,0,0,0,0
20181129,1,"['casey,bobby', 'feinberg,henry', 'heskett,james', 'karpowicz,matt', 'scadlock,kyle']",18:01,18:01,0,,0,,0,,0,,0,,0,,0,,0,,0,,0,,1,"karpowicz,matt",0,,0,,0,,0,,0,,0,0,0,0,0,0,0,0,0,0,0,0,0,0,0,0
20181129,1,"['casey,bobby', 'feinberg,henry', 'heskett,james', 'karpowicz,matt', 'scadlock,kyle']",18:01,17:32,0,,0,,0,,0,,0,,0,,0,,0,,0,,0,,0,,0,,0,,0,,0,,0,,1,1,0,0,1,1,0,0,0,0,0,0,0,0,0,2
20181129,1,"['casey,bobby', 'feinberg,henry', 'heskett,james', 'karpowicz,matt', 'scadlock,kyle']",17:32,17:32,0,,0,,0,,0,,0,,0,,0,,0,,0,,0,,0,,0,,0,,0,,0,,0,,0,0,0,0,0,0,0,0,0,0,1,0,0,0,0,0
20181129,1,"['casey,bobby', 'feinberg,henry', 'heskett,james', 'karpowicz,matt', 'scadlock,kyle']",17:32,17:13,1,"heskett,james",1,"heskett,james",0,,0,,1,"heskett,james",1,"heskett,james",0,,0,,0,,0,,0,,0,,0,,0,,0,,2,"heskett,james",0,0,0,0,0,0,0,0,0,0,0,0,0,0,0,0
20181129,1,"['casey,bobby', 'feinberg,henry', 'heskett,james', 'karpowicz,matt', 'scadlock,kyle']",17:13,17:13,0,,0,,0,,0,,0,,0,,0,,0,,0,,0,,1,"feinberg,henry",0,,0,,0,,0,,0,,0,0,0,0,0,0,0,0,0,0,0,0,0,0,0,0
20181129,1,"['casey,bobby', 'feinberg,henry', 'heskett,james', 'karpowicz,matt', 'scadlock,kyle']",17:09,16:41,0,,0,,1,"heskett,james",0,,1,"heskett,james",0,,0,,0,,0,,0,,0,,0,,0,,0,,0,,0,,0,0,0,0,0,0,0,0,0,0,0,0,0,0,0,0
20181129,1,"['casey,bobby', 'feinberg,henry', 'heskett,james', 'karpowicz,matt', 'scadlock,kyle']",16:41,16:41,0,,0,,0,,0,,0,,0,,0,,0,,0,,0,,0,,0,,0,,0,,0,,0,,0,0,0,0,0,0,0,0,0,1,0,0,0,0,0,0
20181129,1,"['casey,bobby', 'feinberg,henry', 'heskett,james', 'karpowicz,matt', 'scadlock,kyle']",16:41,16:27,0,,0,,0,,0,,0,,0,,0,,0,,0,,1,"feinberg,henry",0,,0,,0,,0,,0,,0,,0,0,0,0,0,0,0,0,0,0,0,0,0,0,0,0
20181129,1,"['casey,bobby', 'feinberg,henry', 'heskett,james', 'karpowicz,matt', 'scadlock,kyle']",16:27,16:27,0,,0,,0,,0,,0,,0,,0,,0,,0,,0,,0,,0,,0,,0,,0,,0,,1,0,0,0,1,0,0,0,0,0,0,0,0,0,0,0
20181129,1,"['casey,bobby', 'feinberg,henry', 'heskett,james', 'karpowicz,matt', 'scadlock,kyle']",16:27,16:18,1,"feinberg,henry",1,"feinberg,henry",0,,0,,1,"feinberg,henry",1,"feinberg,henry",0,,0,,0,,0,,0,,0,,0,,0,,0,,2,"feinberg,henry",0,0,0,0,0,0,0,0,0,0,0,0,0,0,0,0
20181129,1,"['casey,bobby', 'feinberg,henry', 'heskett,james', 'karpowicz,matt', 'scadlock,kyle']",16:18,16:18,0,,0,,0,,0,,0,,0,,0,,0,,0,,0,,1,"casey,bobby",0,,0,,0,,0,,0,,0,0,0,0,0,0,0,0,0,0,0,0,0,0,0,0
20181129,1,"['casey,bobby', 'feinberg,henry', 'heskett,james', 'karpowicz,matt', 'scadlock,kyle']",16:18,15:54,0,,0,,0,,0,,0,,0,,0,,0,,0,,0,,0,,0,,0,,1,"karpowicz,matt",0,,0,,0,0,0,0,0,0,0,0,0,0,0,0,0,0,0,0
20181129,1,"['casey,bobby', 'feinberg,henry', 'heskett,james', 'karpowicz,matt', 'scadlock,kyle']",15:54,15:54,0,,0,,0,,0,,0,,0,,0,,0,,0,,0,,0,,0,,0,,0,,0,,0,,0,0,0,0,0,0,1,1,0,0,0,0,0,0,0,1
20181129,1,"['casey,bobby', 'feinberg,henry', 'heskett,james', 'karpowicz,matt', 'scadlock,kyle']",15:54,15:54,0,,0,,0,,0,,0,,0,,0,,0,,0,,0,,0,,0,,0,,0,,0,,0,,0,0,0,0,0,0,1,0,0,0,0,0,0,0,0,0
20181129,1,"['casey,bobby', 'feinberg,henry', 'heskett,james', 'karpowicz,matt', 'scadlock,kyle']",15:54,15:54,0,,0,,0,,0,,0,,0,,0,,0,,0,,1,"casey,bobby",0,,0,,0,,0,,0,,0,,0,0,0,0,0,0,0,0,0,0,0,0,0,0,0,0
20181129,1,"['casey,bobby', 'feinberg,henry', 'heskett,james', 'karpowicz,matt', 'scadlock,kyle']",15:54,15:54,1,"casey,bobby",1,"casey,bobby",0,,0,,1,"casey,bobby",1,"casey,bobby",0,,0,,0,,0,,0,,0,,0,,0,,0,,2,"casey,bobby",0,0,0,0,0,0,0,0,0,0,0,0,0,0,0,0
20181129,1,"['casey,bobby', 'heskett,james', 'kempton,michael', 'scadlock,kyle', 'soto,marcos']",15:54,15:53,0,,0,,0,,0,,0,,0,,0,,0,,0,,0,,0,,0,,0,,0,,0,,0,,0,0,0,0,0,0,0,0,0,0,0,1,0,0,0,0
20181129,1,"['casey,bobby', 'heskett,james', 'kempton,michael', 'scadlock,kyle', 'soto,marcos']",15:53,15:18,1,"soto,marcos",0,,0,,0,,1,"soto,marcos",0,,0,,0,,0,,0,,0,,0,,0,,0,,0,,0,,0,0,0,0,0,0,0,0,0,0,0,0,0,0,0,0
20181129,1,"['casey,bobby', 'heskett,james', 'kempton,michael', 'scadlock,kyle', 'soto,marcos']",15:18,15:18,0,,0,,0,,0,,0,,0,,0,,0,,1,team,0,,0,,0,,0,,0,,0,,0,,0,0,0,0,0,0,0,0,0,0,0,0,0,0,0,0
20181129,1,"['babek,mickey', 'casey,bobby', 'heskett,james', 'kempton,michael', 'soto,marcos']",15:14,15:04,0,,0,,0,,0,,0,,0,,0,,0,,0,,0,,0,,0,,0,,0,,0,,0,,0,0,0,0,0,0,0,0,0,0,0,0,0,1,0,0
20181129,1,"['babek,mickey', 'casey,bobby', 'heskett,james', 'kempton,michael', 'soto,marcos']",15:04,14:44,0,,0,,1,"casey,bobby",1,"casey,bobby",1,"casey,bobby",1,"casey,bobby",0,,0,,0,,0,,0,,0,,0,,0,,0,,3,"casey,bobby",0,0,0,0,0,0,0,0,0,0,0,0,0,0,0,0
20181129,1,"['babek,mickey', 'casey,bobby', 'heskett,james', 'kempton,michael', 'soto,marcos']",14:44,14:44,0,,0,,0,,0,,0,,0,,0,,0,,0,,0,,1,"soto,marcos",0,,0,,0,,0,,0,,0,0,0,0,0,0,0,0,0,0,0,0,0,0,0,0
20181129,1,"['babek,mickey', 'casey,bobby', 'heskett,james', 'kempton,michael', 'soto,marcos']",14:44,14:20,0,,0,,0,,0,,0,,0,,0,,0,,0,,0,,0,,0,,0,,0,,0,,0,,1,1,0,0,1,1,0,0,0,0,0,0,0,0,0,2
20181129,1,"['babek,mickey', 'casey,bobby', 'heskett,james', 'kempton,michael', 'soto,marcos']",14:20,14:04,0,,0,,1,"casey,bobby",1,"casey,bobby",1,"casey,bobby",1,"casey,bobby",0,,0,,0,,0,,0,,0,,0,,0,,0,,3,"casey,bobby",0,0,0,0,0,0,0,0,0,0,0,0,0,0,0,0
20181129,1,"['babek,mickey', 'casey,bobby', 'heskett,james', 'kempton,michael', 'soto,marcos']",14:04,14:04,0,,0,,0,,0,,0,,0,,0,,0,,0,,0,,1,"kempton,michael",0,,0,,0,,0,,0,,0,0,0,0,0,0,0,0,0,0,0,0,0,0,0,0
20181129,1,"['babek,mickey', 'casey,bobby', 'heskett,james', 'kempton,michael', 'soto,marcos']",14:04,13:46,0,,0,,0,,0,,0,,0,,0,,0,,0,,0,,0,,0,,0,,0,,0,,0,,0,0,0,0,0,0,0,0,0,0,0,1,0,0,0,0
20181129,1,"['babek,mickey', 'casey,bobby', 'heskett,james', 'kempton,michael', 'soto,marcos']",13:46,13:46,0,,0,,0,,0,,0,,0,,0,,0,,0,,0,,0,,0,,1,"babek,mickey",0,,0,,0,,0,0,0,0,0,0,0,0,0,0,0,0,0,0,0,0
20181129,1,"['babek,mickey', 'casey,bobby', 'feinberg,henry', 'kempton,michael', 'taylor,marc']",13:46,13:38,1,"feinberg,henry",1,"feinberg,henry",0,,0,,1,"feinberg,henry",1,"feinberg,henry",0,,0,,0,,0,,0,,0,,0,,0,,0,,2,"feinberg,henry",0,0,0,0,0,0,0,0,0,0,0,0,0,0,0,0
20181129,1,"['babek,mickey', 'casey,bobby', 'feinberg,henry', 'kempton,michael', 'taylor,marc']",13:34,13:22,0,,0,,0,,0,,0,,0,,0,,0,,0,,0,,0,,0,,0,,0,,0,,0,,1,0,0,0,1,0,0,0,0,0,0,0,0,0,0,0
20181129,1,"['babek,mickey', 'casey,bobby', 'feinberg,henry', 'kempton,michael', 'taylor,marc']",13:22,13:22,0,,0,,0,,0,,0,,0,,0,,0,,0,,1,"taylor,marc",0,,0,,0,,0,,0,,0,,0,0,0,0,0,0,0,0,0,0,0,0,0,0,0,0
20181129,1,"['babek,mickey', 'casey,bobby', 'feinberg,henry', 'kempton,michael', 'taylor,marc']",13:22,13:13,0,,0,,1,"casey,bobby",1,"casey,bobby",1,"casey,bobby",1,"casey,bobby",0,,0,,0,,0,,0,,0,,0,,0,,0,,3,"casey,bobby",0,0,0,0,0,0,0,0,0,0,0,0,0,0,0,0
20181129,1,"['babek,mickey', 'casey,bobby', 'feinberg,henry', 'kempton,michael', 'taylor,marc']",13:13,13:13,0,,0,,0,,0,,0,,0,,0,,0,,0,,0,,1,"kempton,michael",0,,0,,0,,0,,0,,0,0,0,0,0,0,0,0,0,0,0,0,0,0,0,0
20181129,1,"['babek,mickey', 'casey,bobby', 'feinberg,henry', 'kempton,michael', 'taylor,marc']",13:08,12:53,0,,0,,0,,0,,0,,0,,0,,0,,0,,0,,0,,0,,0,,0,,0,,0,,1,0,0,0,1,0,0,0,0,0,0,0,0,0,0,0
20181129,1,"['babek,mickey', 'casey,bobby', 'feinberg,henry', 'kempton,michael', 'taylor,marc']",12:53,12:53,0,,0,,0,,0,,0,,0,,0,,0,,0,,0,,0,,0,,0,,0,,0,,0,,0,0,0,0,0,0,0,0,0,1,0,0,0,0,0,0
20181129,1,"['babek,mickey', 'casey,bobby', 'feinberg,henry', 'kempton,michael', 'taylor,marc']",12:53,12:44,0,,0,,0,,0,,0,,0,,0,,0,,0,,0,,0,,0,,0,,0,,0,,0,,0,0,0,0,0,0,0,0,0,0,0,0,0,1,0,0
20181129,1,"['babek,mickey', 'casey,bobby', 'feinberg,henry', 'kempton,michael', 'taylor,marc']",12:44,12:44,1,"taylor,marc",1,"taylor,marc",0,,0,,1,"taylor,marc",1,"taylor,marc",0,,0,,0,,0,,0,,0,,0,,0,,0,,2,"taylor,marc",0,0,0,0,0,0,0,0,0,0,0,0,0,0,0,0
20181129,1,"['babek,mickey', 'casey,bobby', 'feinberg,henry', 'kempton,michael', 'taylor,marc']",12:44,12:44,0,,0,,0,,0,,0,,0,,0,,0,,0,,0,,0,,0,,0,,0,,0,,0,,0,0,0,0,0,0,0,0,0,0,1,0,0,0,0,0
20181129,1,"['babek,mickey', 'feinberg,henry', 'karpowicz,matt', 'taylor,marc', 'vincebrookins,jr']",12:44,12:41,0,,0,,0,,0,,0,,0,,0,,0,,0,,0,,0,,0,,0,,0,,0,,0,,0,0,1,0,1,0,0,0,0,0,0,0,0,0,0,0
20181129,1,"['babek,mickey', 'feinberg,henry', 'karpowicz,matt', 'taylor,marc', 'vincebrookins,jr']",12:41,12:41,0,,0,,0,,0,,0,,0,,0,,0,,0,,1,"karpowicz,matt",0,,0,,0,,0,,0,,0,,0,0,0,0,0,0,0,0,0,0,0,0,0,0,0,0
20181129,1,"['babek,mickey', 'feinberg,henry', 'karpowicz,matt', 'taylor,marc', 'vincebrookins,jr']",12:41,12:32,0,,0,,1,"taylor,marc",1,"taylor,marc",1,"taylor,marc",1,"taylor,marc",0,,0,,0,,0,,0,,0,,0,,0,,0,,3,"taylor,marc",0,0,0,0,0,0,0,0,0,0,0,0,0,0,0,0
20181129,1,"['babek,mickey', 'feinberg,henry', 'karpowicz,matt', 'taylor,marc', 'vincebrookins,jr']",12:32,12:32,0,,0,,0,,0,,0,,0,,0,,0,,0,,0,,0,,0,,0,,0,,0,,0,,0,0,0,0,0,0,0,0,0,0,0,0,0,1,0,0
20181129,1,"['babek,mickey', 'feinberg,henry', 'karpowicz,matt', 'taylor,marc', 'vincebrookins,jr']",12:32,12:31,0,,0,,0,,0,,0,,0,,1,"taylor,marc",0,,0,,0,,0,,0,,0,,0,,0,,0,,0,0,0,0,0,0,0,0,0,0,0,0,0,0,0,0
20181129,1,"['babek,mickey', 'feinberg,henry', 'karpowicz,matt', 'taylor,marc', 'vincebrookins,jr']",12:31,12:31,0,,0,,0,,0,,0,,0,,0,,0,,1,"karpowicz,matt",0,,0,,0,,0,,0,,0,,0,,0,0,0,0,0,0,0,0,0,0,0,0,0,0,0,0
20181129,1,"['feinberg,henry', 'karpowicz,matt', 'scadlock,kyle', 'taylor,marc', 'vincebrookins,jr']",12:31,12:22,1,"karpowicz,matt",1,"karpowicz,matt",0,,0,,1,"karpowicz,matt",1,"karpowicz,matt",0,,0,,0,,0,,0,,0,,0,,0,,0,,2,"karpowicz,matt",0,0,0,0,0,0,0,0,0,0,0,0,0,0,0,0
20181129,1,"['feinberg,henry', 'karpowicz,matt', 'scadlock,kyle', 'taylor,marc', 'vincebrookins,jr']",12:22,12:04,0,,0,,0,,0,,0,,0,,0,,0,,0,,0,,0,,0,,0,,1,"vincebrookins,jr",0,,0,,0,0,0,0,0,0,0,0,0,0,0,0,0,0,0,0
20181129,1,"['feinberg,henry', 'heskett,james', 'karpowicz,matt', 'scadlock,kyle', 'vincebrookins,jr']",12:03,11:48,0,,0,,0,,0,,0,,0,,0,,0,,0,,0,,0,,0,,0,,0,,0,,0,,1,0,0,0,1,0,0,0,0,0,0,0,0,0,0,0
20181129,1,"['feinberg,henry', 'heskett,james', 'karpowicz,matt', 'scadlock,kyle', 'vincebrookins,jr']",11:48,11:48,0,,0,,0,,0,,0,,0,,0,,0,,0,,1,"karpowicz,matt",0,,0,,0,,0,,0,,0,,0,0,0,0,0,0,0,0,0,0,0,0,0,0,0,0
20181129,1,"['feinberg,henry', 'heskett,james', 'karpowicz,matt', 'scadlock,kyle', 'vincebrookins,jr']",11:48,11:32,1,"heskett,james",0,,0,,0,,1,"heskett,james",0,,0,,0,,0,,0,,0,,0,,0,,0,,0,,0,,0,0,0,0,0,0,0,0,0,0,0,0,0,0,0,0
20181129,1,"['feinberg,henry', 'heskett,james', 'karpowicz,matt', 'scadlock,kyle', 'vincebrookins,jr']",11:32,11:32,0,,0,,0,,0,,0,,0,,0,,0,,0,,0,,0,,0,,0,,0,,0,,0,,0,0,0,0,0,0,0,0,0,0,0,0,0,0,1,0
20181129,1,"['feinberg,henry', 'heskett,james', 'karpowicz,matt', 'scadlock,kyle', 'vincebrookins,jr']",11:32,11:32,0,,0,,0,,0,,0,,0,,0,,0,,0,,0,,0,,0,,0,,0,,0,,0,,0,0,0,0,0,0,0,0,0,1,0,0,0,0,0,0
20181129,1,"['feinberg,henry', 'heskett,james', 'karpowicz,matt', 'scadlock,kyle', 'vincebrookins,jr']",11:32,11:27,0,,0,,0,,0,,0,,0,,0,,0,,0,,0,,0,,0,,0,,1,"vincebrookins,jr",0,,0,,0,0,0,0,0,0,0,0,0,0,0,0,0,0,0,0
20181129,1,"['feinberg,henry', 'heskett,james', 'karpowicz,matt', 'scadlock,kyle', 'vincebrookins,jr']",11:27,11:18,0,,0,,0,,0,,0,,0,,0,,0,,0,,0,,0,,0,,0,,0,,0,,0,,0,0,0,0,0,0,1,0,0,0,0,0,0,0,0,0
20181129,1,"['feinberg,henry', 'heskett,james', 'karpowicz,matt', 'scadlock,kyle', 'vincebrookins,jr']",11:18,11:18,0,,0,,0,,0,,0,,0,,0,,0,,0,,0,,0,,0,,0,,0,,0,,0,,0,0,0,0,0,0,1,1,0,0,0,0,0,0,0,1
20181129,1,"['feinberg,henry', 'heskett,james', 'karpowicz,matt', 'scadlock,kyle', 'vincebrookins,jr']",11:18,10:50,1,"feinberg,henry",1,"feinberg,henry",0,,0,,1,"feinberg,henry",1,"feinberg,henry",0,,0,,0,,0,,0,,0,,0,,0,,0,,2,"feinberg,henry",0,0,0,0,0,0,0,0,0,0,0,0,0,0,0,0
20181129,1,"['feinberg,henry', 'heskett,james', 'karpowicz,matt', 'scadlock,kyle', 'vincebrookins,jr']",10:50,10:25,0,,0,,0,,0,,0,,0,,0,,0,,0,,0,,0,,0,,0,,0,,0,,0,,1,1,0,0,1,1,0,0,0,0,0,0,0,0,0,2
20181129,1,"['feinberg,henry', 'heskett,james', 'karpowicz,matt', 'scadlock,kyle', 'vincebrookins,jr']",10:25,10:04,0,,0,,0,,0,,0,,0,,0,,0,,0,,0,,0,,0,,0,,0,,0,,0,,0,0,0,0,0,0,0,0,0,0,0,0,0,1,0,0
20181129,1,"['casey,bobby', 'heskett,james', 'jones,jovan', 'kempton,michael', 'scadlock,kyle']",10:04,10:00,0,,0,,1,"casey,bobby",1,"casey,bobby",1,"casey,bobby",1,"casey,bobby",0,,0,,0,,0,,0,,0,,0,,0,,0,,3,"casey,bobby",0,0,0,0,0,0,0,0,0,0,0,0,0,0,0,0
20181129,1,"['casey,bobby', 'heskett,james', 'jones,jovan', 'kempton,michael', 'scadlock,kyle']",10:00,10:00,0,,0,,0,,0,,0,,0,,0,,0,,0,,0,,1,"kempton,michael",0,,0,,0,,0,,0,,0,0,0,0,0,0,0,0,0,0,0,0,0,0,0,0
20181129,1,"['casey,bobby', 'heskett,james', 'jones,jovan', 'kempton,michael', 'scadlock,kyle']",10:00,09:43,0,,0,,0,,0,,0,,0,,0,,0,,0,,0,,0,,0,,0,,0,,0,,0,,0,0,1,0,1,0,0,0,0,0,0,0,0,0,0,0
20181129,1,"['casey,bobby', 'heskett,james', 'jones,jovan', 'kempton,michael', 'scadlock,kyle']",09:43,09:43,0,,0,,0,,0,,0,,0,,0,,0,,0,,1,"heskett,james",0,,0,,0,,0,,0,,0,,0,0,0,0,0,0,0,0,0,0,0,0,0,0,0,0
20181129,1,"['casey,bobby', 'heskett,james', 'jones,jovan', 'kempton,michael', 'scadlock,kyle']",09:43,09:32,1,"casey,bobby",1,"casey,bobby",0,,0,,1,"casey,bobby",1,"casey,bobby",0,,0,,0,,0,,0,,0,,0,,0,,0,,2,"casey,bobby",0,0,0,0,0,0,0,0,0,0,0,0,0,0,0,0
20181129,1,"['casey,bobby', 'heskett,james', 'jones,jovan', 'kempton,michael', 'scadlock,kyle']",09:32,09:31,0,,0,,0,,0,,0,,0,,0,,0,,0,,0,,0,,0,,0,,0,,0,,0,,0,0,0,0,0,0,0,0,0,0,0,0,0,1,0,0
20181129,1,"['casey,bobby', 'heskett,james', 'jones,jovan', 'kempton,michael', 'scadlock,kyle']",09:31,09:31,0,,0,,0,,0,,0,,0,,1,"casey,bobby",1,"casey,bobby",0,,0,,0,,0,,0,,0,,0,,1,"casey,bobby",0,0,0,0,0,0,0,0,0,0,0,0,0,0,0,0
20181129,1,"['casey,bobby', 'heskett,james', 'jones,jovan', 'kempton,michael', 'scadlock,kyle']",09:31,09:08,0,,0,,0,,0,,0,,0,,0,,0,,0,,0,,0,,0,,0,,0,,0,,0,,1,0,0,0,1,0,0,0,0,0,0,0,0,0,0,0
20181129,1,"['casey,bobby', 'heskett,james', 'jones,jovan', 'kempton,michael', 'scadlock,kyle']",09:08,09:08,0,,0,,0,,0,,0,,0,,0,,0,,0,,1,"kempton,michael",0,,0,,0,,0,,0,,0,,0,0,0,0,0,0,0,0,0,0,0,0,0,0,0,0
20181129,1,"['casey,bobby', 'heskett,james', 'jones,jovan', 'kempton,michael', 'scadlock,kyle']",09:08,08:53,0,,0,,1,"heskett,james",0,,1,"heskett,james",0,,0,,0,,0,,0,,0,,0,,0,,0,,0,,0,,0,0,0,0,0,0,0,0,0,0,0,0,0,0,0,0
20181129,1,"['casey,bobby', 'heskett,james', 'jones,jovan', 'kempton,michael', 'scadlock,kyle']",08:53,08:53,0,,0,,0,,0,,0,,0,,0,,0,,0,,0,,0,,0,,0,,0,,0,,0,,0,0,0,0,0,0,0,0,0,1,0,0,0,0,0,0
20181129,1,"['casey,bobby', 'heskett,james', 'jones,jovan', 'kempton,michael', 'scadlock,kyle']",08:53,08:32,0,,0,,0,,0,,0,,0,,0,,0,,0,,0,,0,,0,,0,,0,,0,,0,,0,0,1,1,1,1,0,0,0,0,0,0,0,0,0,3
20181129,1,"['casey,bobby', 'heskett,james', 'jones,jovan', 'kempton,michael', 'scadlock,kyle']",08:32,08:32,0,,0,,0,,0,,0,,0,,0,,0,,0,,0,,0,,0,,0,,0,,0,,0,,0,0,0,0,0,0,0,0,0,0,1,0,0,0,0,0
20181129,1,"['babek,mickey', 'casey,bobby', 'heskett,james', 'kempton,michael', 'soto,marcos']",08:13,08:00,0,,0,,1,"heskett,james",0,,1,"heskett,james",0,,0,,0,,0,,0,,0,,0,,0,,0,,0,,0,,0,0,0,0,0,0,0,0,0,0,0,0,0,0,0,0
20181129,1,"['babek,mickey', 'casey,bobby', 'heskett,james', 'kempton,michael', 'soto,marcos']",08:00,08:00,0,,0,,0,,0,,0,,0,,0,,0,,0,,0,,0,,0,,0,,0,,0,,0,,0,0,0,0,0,0,0,0,0,1,0,0,0,0,0,0
20181129,1,"['babek,mickey', 'casey,bobby', 'heskett,james', 'kempton,michael', 'soto,marcos']",08:00,07:53,0,,0,,0,,0,,0,,0,,0,,0,,0,,0,,0,,0,,0,,1,"casey,bobby",0,,0,,0,0,0,0,0,0,0,0,0,0,0,0,0,0,0,0
20181129,1,"['babek,mickey', 'casey,bobby', 'heskett,james', 'kempton,michael', 'soto,marcos']",07:53,07:53,0,,0,,0,,0,,0,,0,,0,,0,,0,,0,,0,,0,,0,,0,,0,,0,,0,0,0,0,0,0,1,1,0,0,0,0,0,0,0,1
20181129,1,"['babek,mickey', 'casey,bobby', 'heskett,james', 'kempton,michael', 'soto,marcos']",07:53,07:53,0,,0,,0,,0,,0,,0,,0,,0,,0,,0,,0,,0,,0,,0,,0,,0,,0,0,0,0,0,0,1,1,0,0,0,0,0,0,0,1
20181129,1,"['babek,mickey', 'casey,bobby', 'heskett,james', 'karpowicz,matt', 'soto,marcos']",07:53,07:41,0,,0,,0,,0,,0,,0,,0,,0,,0,,0,,0,,0,,0,,0,,0,,0,,0,0,0,0,0,0,0,0,0,0,0,0,0,1,0,0
20181129,1,"['babek,mickey', 'casey,bobby', 'heskett,james', 'karpowicz,matt', 'soto,marcos']",07:40,07:40,0,,0,,0,,0,,0,,0,,1,"karpowicz,matt",1,"karpowicz,matt",0,,0,,0,,0,,0,,0,,0,,1,"karpowicz,matt",0,0,0,0,0,0,0,0,0,0,0,0,0,0,0,0
20181129,1,"['babek,mickey', 'casey,bobby', 'heskett,james', 'karpowicz,matt', 'soto,marcos']",07:40,07:40,0,,0,,0,,0,,0,,0,,1,"karpowicz,matt",0,,0,,0,,0,,0,,0,,0,,0,,0,,0,0,0,0,0,0,0,0,0,0,0,0,0,0,0,0
20181129,1,"['babek,mickey', 'casey,bobby', 'heskett,james', 'karpowicz,matt', 'soto,marcos']",07:40,07:40,0,,0,,0,,0,,0,,0,,0,,0,,0,,0,,0,,0,,0,,0,,0,,0,,0,0,0,0,0,0,0,0,0,1,0,0,0,0,0,0
20181129,1,"['babek,mickey', 'casey,bobby', 'heskett,james', 'karpowicz,matt', 'soto,marcos']",07:40,07:22,0,,0,,0,,0,,0,,0,,0,,0,,0,,0,,0,,0,,0,,0,,0,,0,,1,0,0,0,1,0,0,0,0,0,0,0,0,0,0,0
20181129,1,"['babek,mickey', 'casey,bobby', 'heskett,james', 'karpowicz,matt', 'soto,marcos']",07:22,07:22,0,,0,,0,,0,,0,,0,,0,,0,,0,,0,,0,,0,,0,,0,,1,"soto,marcos",0,,0,0,0,0,0,0,0,0,0,0,0,0,0,0,0,0
20181129,1,"['babek,mickey', 'casey,bobby', 'heskett,james', 'karpowicz,matt', 'soto,marcos']",07:22,07:22,0,,0,,0,,0,,0,,0,,0,,0,,0,,1,"karpowicz,matt",0,,0,,0,,0,,0,,0,,0,0,0,0,0,0,0,0,0,0,0,0,0,0,0,0
20181129,1,"['babek,mickey', 'casey,bobby', 'heskett,james', 'karpowicz,matt', 'soto,marcos']",07:22,07:03,1,"babek,mickey",0,,0,,0,,1,"babek,mickey",0,,0,,0,,0,,0,,0,,0,,0,,0,,0,,0,,0,0,0,0,0,0,0,0,0,0,0,0,0,0,0,0
20181129,1,"['babek,mickey', 'casey,bobby', 'heskett,james', 'karpowicz,matt', 'soto,marcos']",07:03,07:03,0,,0,,0,,0,,0,,0,,0,,0,,0,,0,,0,,0,,0,,0,,0,,0,,0,0,0,0,0,0,0,0,0,1,0,0,0,0,0,0
20181129,1,"['babek,mickey', 'casey,bobby', 'heskett,james', 'karpowicz,matt', 'soto,marcos']",07:03,06:58,0,,0,,0,,0,,0,,0,,0,,0,,0,,0,,0,,0,,0,,0,,0,,0,,1,0,0,0,1,0,0,0,0,0,0,0,0,0,0,0
20181129,1,"['babek,mickey', 'casey,bobby', 'heskett,james', 'karpowicz,matt', 'soto,marcos']",06:58,06:58,0,,0,,0,,0,,0,,0,,0,,0,,0,,1,"soto,marcos",0,,0,,0,,0,,0,,0,,0,0,0,0,0,0,0,0,0,0,0,0,0,0,0,0
20181129,1,"['babek,mickey', 'casey,bobby', 'heskett,james', 'karpowicz,matt', 'soto,marcos']",06:58,06:45,1,"soto,marcos",1,"soto,marcos",0,,0,,1,"soto,marcos",1,"soto,marcos",0,,0,,0,,0,,0,,0,,0,,0,,0,,2,"soto,marcos",0,0,0,0,0,0,0,0,0,0,0,0,0,0,0,0
20181129,1,"['babek,mickey', 'casey,bobby', 'heskett,james', 'karpowicz,matt', 'soto,marcos']",06:45,06:27,0,,0,,0,,0,,0,,0,,0,,0,,0,,0,,0,,0,,0,,0,,0,,0,,0,0,1,0,1,0,0,0,0,0,0,0,0,0,0,0
20181129,1,"['babek,mickey', 'casey,bobby', 'heskett,james', 'karpowicz,matt', 'soto,marcos']",06:27,06:27,0,,0,,0,,0,,0,,0,,0,,0,,0,,1,"soto,marcos",0,,0,,0,,0,,0,,0,,0,0,0,0,0,0,0,0,0,0,0,0,0,0,0,0
20181129,1,"['babek,mickey', 'casey,bobby', 'heskett,james', 'karpowicz,matt', 'soto,marcos']",06:27,06:20,0,,0,,0,,0,,0,,0,,0,,0,,0,,0,,0,,0,,0,,0,,0,,0,,0,0,0,0,0,0,0,0,0,0,0,0,0,1,0,0
20181129,1,"['babek,mickey', 'casey,bobby', 'heskett,james', 'karpowicz,matt', 'soto,marcos']",06:20,06:20,0,,0,,0,,0,,0,,0,,1,"casey,bobby",0,,0,,0,,0,,0,,0,,0,,0,,0,,0,0,0,0,0,0,0,0,0,0,0,0,0,0,0,0
20181129,1,"['babek,mickey', 'casey,bobby', 'heskett,james', 'karpowicz,matt', 'soto,marcos']",06:20,06:20,0,,0,,0,,0,,0,,0,,0,,0,,0,,0,,0,,0,,0,,0,,0,,0,,0,0,0,0,0,0,0,0,0,1,0,0,0,0,0,0
20181129,1,"['babek,mickey', 'casey,bobby', 'heskett,james', 'karpowicz,matt', 'soto,marcos']",06:20,06:06,0,,0,,0,,0,,0,,0,,0,,0,,0,,0,,0,,0,,0,,0,,0,,0,,0,0,1,1,1,1,0,0,0,0,0,0,0,0,0,3
20181129,1,"['babek,mickey', 'casey,bobby', 'heskett,james', 'karpowicz,matt', 'soto,marcos']",06:06,06:06,0,,0,,0,,0,,0,,0,,0,,0,,0,,0,,0,,0,,0,,0,,0,,0,,0,0,0,0,0,0,0,0,0,0,1,0,0,0,0,0
20181129,1,"['babek,mickey', 'casey,bobby', 'heskett,james', 'karpowicz,matt', 'soto,marcos']",06:06,05:52,0,,0,,0,,0,,0,,0,,0,,0,,0,,0,,0,,0,,0,,1,"casey,bobby",0,,0,,0,0,0,0,0,0,0,0,0,0,0,0,0,0,0,0
20181129,1,"['babek,mickey', 'casey,bobby', 'heskett,james', 'karpowicz,matt', 'soto,marcos']",05:52,05:52,0,,0,,0,,0,,0,,0,,0,,0,,0,,0,,0,,1,"casey,bobby",0,,0,,0,,0,,0,0,0,0,0,0,0,0,0,0,0,0,0,0,0,0
20181129,1,"['babek,mickey', 'kempton,michael', 'scadlock,kyle', 'soto,marcos', 'taylor,marc']",05:52,05:41,0,,0,,0,,0,,0,,0,,0,,0,,0,,0,,0,,0,,0,,0,,0,,0,,1,1,0,0,1,1,0,0,0,0,0,0,0,0,0,2
20181129,1,"['babek,mickey', 'kempton,michael', 'scadlock,kyle', 'soto,marcos', 'taylor,marc']",05:41,05:41,0,,0,,0,,0,,0,,0,,0,,0,,0,,0,,0,,0,,0,,0,,0,,0,,0,0,0,0,0,0,0,0,0,0,1,0,0,0,0,0
20181129,1,"['babek,mickey', 'kempton,michael', 'scadlock,kyle', 'soto,marcos', 'taylor,marc']",05:41,05:19,1,"babek,mickey",0,,0,,0,,1,"babek,mickey",0,,0,,0,,0,,0,,0,,0,,0,,0,,0,,0,,0,0,0,0,0,0,0,0,0,0,0,0,0,0,0,0
20181129,1,"['babek,mickey', 'kempton,michael', 'scadlock,kyle', 'soto,marcos', 'taylor,marc']",05:19,05:19,0,,0,,0,,0,,0,,0,,0,,0,,1,"taylor,marc",0,,0,,0,,0,,0,,0,,0,,0,0,0,0,0,0,0,0,0,0,0,0,0,0,0,0
20181129,1,"['babek,mickey', 'kempton,michael', 'scadlock,kyle', 'soto,marcos', 'taylor,marc']",05:19,05:16,1,"taylor,marc",1,"taylor,marc",0,,0,,1,"taylor,marc",1,"taylor,marc",0,,0,,0,,0,,0,,0,,0,,0,,0,,2,"taylor,marc",0,0,0,0,0,0,0,0,0,0,0,0,0,0,0,0
20181129,1,"['babek,mickey', 'kempton,michael', 'scadlock,kyle', 'soto,marcos', 'taylor,marc']",05:16,05:02,0,,0,,0,,0,,0,,0,,0,,0,,0,,0,,0,,0,,0,,0,,0,,0,,1,0,0,0,1,0,0,0,0,0,0,0,0,0,0,0
20181129,1,"['babek,mickey', 'kempton,michael', 'scadlock,kyle', 'soto,marcos', 'taylor,marc']",05:02,05:02,0,,0,,0,,0,,0,,0,,0,,0,,0,,1,"soto,marcos",0,,0,,0,,0,,0,,0,,0,0,0,0,0,0,0,0,0,0,0,0,0,0,0,0
20181129,1,"['babek,mickey', 'kempton,michael', 'scadlock,kyle', 'soto,marcos', 'taylor,marc']",05:02,04:51,0,,0,,0,,0,,0,,0,,0,,0,,0,,0,,0,,0,,0,,0,,0,,0,,0,0,0,0,0,0,0,0,0,0,0,0,0,1,0,0
20181129,1,"['babek,mickey', 'kempton,michael', 'scadlock,kyle', 'soto,marcos', 'taylor,marc']",04:51,04:41,0,,0,,0,,0,,0,,0,,1,"scadlock,kyle",1,"scadlock,kyle",0,,0,,0,,0,,0,,0,,0,,1,"scadlock,kyle",0,0,0,0,0,0,0,0,0,0,0,0,0,0,0,0
20181129,1,"['babek,mickey', 'feinberg,henry', 'kempton,michael', 'scadlock,kyle', 'taylor,marc']",04:41,04:39,0,,0,,0,,0,,0,,0,,1,"scadlock,kyle",1,"scadlock,kyle",0,,0,,0,,0,,0,,0,,0,,1,"scadlock,kyle",0,0,0,0,0,0,0,0,0,0,0,0,0,0,0,0
20181129,1,"['babek,mickey', 'feinberg,henry', 'kempton,michael', 'scadlock,kyle', 'taylor,marc']",04:39,04:39,0,,0,,0,,0,,0,,0,,0,,0,,0,,0,,0,,0,,0,,0,,0,,0,,1,1,0,0,1,1,0,0,0,0,0,0,0,0,0,2
20181129,1,"['babek,mickey', 'feinberg,henry', 'kempton,michael', 'scadlock,kyle', 'taylor,marc']",04:39,04:39,0,,0,,0,,0,,0,,0,,0,,0,,0,,0,,0,,0,,0,,0,,0,,0,,0,0,0,0,0,0,0,0,0,0,0,0,0,1,0,0
20181129,1,"['babek,mickey', 'feinberg,henry', 'kempton,michael', 'scadlock,kyle', 'taylor,marc']",04:39,04:32,0,,0,,0,,0,,0,,0,,1,"scadlock,kyle",0,,0,,0,,0,,0,,0,,0,,0,,0,,0,0,0,0,0,0,0,0,0,0,0,0,0,0,0,0
20181129,1,"['babek,mickey', 'feinberg,henry', 'kempton,michael', 'scadlock,kyle', 'taylor,marc']",04:32,04:32,0,,0,,0,,0,,0,,0,,0,,0,,1,"scadlock,kyle",0,,0,,0,,0,,0,,0,,0,,0,0,0,0,0,0,0,0,0,0,0,0,0,0,0,0
20181129,1,"['babek,mickey', 'feinberg,henry', 'kempton,michael', 'scadlock,kyle', 'taylor,marc']",04:32,04:27,1,"taylor,marc",1,"taylor,marc",0,,0,,1,"taylor,marc",1,"taylor,marc",0,,0,,0,,0,,0,,0,,0,,0,,0,,2,"taylor,marc",0,0,0,0,0,0,0,0,0,0,0,0,0,0,0,0
20181129,1,"['babek,mickey', 'feinberg,henry', 'kempton,michael', 'scadlock,kyle', 'taylor,marc']",04:27,04:27,0,,0,,0,,0,,0,,0,,0,,0,,0,,0,,1,"scadlock,kyle",0,,0,,0,,0,,0,,0,0,0,0,0,0,0,0,0,0,0,0,0,0,0,0
20181129,1,"['babek,mickey', 'feinberg,henry', 'kempton,michael', 'scadlock,kyle', 'taylor,marc']",04:27,04:17,0,,0,,0,,0,,0,,0,,0,,0,,0,,0,,0,,0,,0,,0,,0,,0,,0,0,1,0,1,0,0,0,0,0,0,0,0,0,0,0
20181129,1,"['babek,mickey', 'feinberg,henry', 'kempton,michael', 'scadlock,kyle', 'taylor,marc']",04:17,04:17,0,,0,,0,,0,,0,,0,,0,,0,,0,,1,"babek,mickey",0,,0,,0,,0,,0,,0,,0,0,0,0,0,0,0,0,0,0,0,0,0,0,0,0
20181129,1,"['babek,mickey', 'feinberg,henry', 'kempton,michael', 'scadlock,kyle', 'taylor,marc']",04:17,04:02,0,,0,,0,,0,,0,,0,,0,,0,,0,,0,,0,,0,,0,,0,,0,,0,,0,0,0,0,0,0,0,0,0,0,0,0,0,1,0,0
20181129,1,"['babek,mickey', 'feinberg,henry', 'kempton,michael', 'scadlock,kyle', 'taylor,marc']",04:02,03:58,0,,0,,0,,0,,0,,0,,1,"scadlock,kyle",1,"scadlock,kyle",0,,0,,0,,0,,0,,0,,0,,1,"scadlock,kyle",0,0,0,0,0,0,0,0,0,0,0,0,0,0,0,0
20181129,1,"['babek,mickey', 'feinberg,henry', 'kempton,michael', 'scadlock,kyle', 'taylor,marc']",03:58,03:48,0,,0,,0,,0,,0,,0,,1,"scadlock,kyle",1,"scadlock,kyle",0,,0,,0,,0,,0,,0,,0,,1,"scadlock,kyle",0,0,0,0,0,0,0,0,0,0,0,0,0,0,0,0
20181129,1,"['casey,bobby', 'feinberg,henry', 'heskett,james', 'karpowicz,matt', 'scadlock,kyle']",03:48,03:28,0,,0,,0,,0,,0,,0,,0,,0,,0,,0,,0,,0,,0,,0,,0,,0,,0,0,1,0,1,0,0,0,0,0,0,0,0,0,0,0
20181129,1,"['casey,bobby', 'feinberg,henry', 'heskett,james', 'karpowicz,matt', 'scadlock,kyle']",03:28,03:28,0,,0,,0,,0,,0,,0,,0,,0,,0,,1,"karpowicz,matt",0,,0,,0,,0,,0,,0,,0,0,0,0,0,0,0,0,0,0,0,0,0,0,0,0
20181129,1,"['casey,bobby', 'feinberg,henry', 'heskett,james', 'karpowicz,matt', 'scadlock,kyle']",03:28,02:51,1,"feinberg,henry",1,"feinberg,henry",0,,0,,1,"feinberg,henry",1,"feinberg,henry",0,,0,,0,,0,,0,,0,,0,,0,,0,,2,"feinberg,henry",0,0,0,0,0,0,0,0,0,0,0,0,0,0,0,0
20181129,1,"['casey,bobby', 'feinberg,henry', 'heskett,james', 'karpowicz,matt', 'scadlock,kyle']",02:51,02:30,0,,0,,0,,0,,0,,0,,0,,0,,0,,0,,0,,0,,0,,0,,0,,0,,0,0,1,1,1,1,0,0,0,0,0,0,0,0,0,3
20181129,1,"['casey,bobby', 'feinberg,henry', 'heskett,james', 'karpowicz,matt', 'scadlock,kyle']",02:30,02:30,0,,0,,0,,0,,0,,0,,0,,0,,0,,0,,0,,0,,0,,0,,0,,0,,0,0,0,0,0,0,0,0,0,0,1,0,0,0,0,0
20181129,1,"['casey,bobby', 'feinberg,henry', 'heskett,james', 'karpowicz,matt', 'scadlock,kyle']",02:30,02:11,0,,0,,1,"scadlock,kyle",0,,1,"scadlock,kyle",0,,0,,0,,0,,0,,0,,0,,0,,0,,0,,0,,0,0,0,0,0,0,0,0,0,0,0,0,0,0,0,0
20181129,1,"['casey,bobby', 'feinberg,henry', 'heskett,james', 'karpowicz,matt', 'scadlock,kyle']",02:11,02:11,0,,0,,0,,0,,0,,0,,0,,0,,0,,0,,0,,0,,0,,0,,0,,0,,0,0,0,0,0,0,0,0,0,1,0,0,0,0,0,0
20181129,1,"['casey,bobby', 'feinberg,henry', 'heskett,james', 'karpowicz,matt', 'scadlock,kyle']",02:11,01:57,0,,0,,0,,0,,0,,0,,0,,0,,0,,0,,0,,0,,0,,0,,0,,0,,1,1,0,0,1,1,0,0,0,0,0,0,0,0,0,2
20181129,1,"['casey,bobby', 'feinberg,henry', 'heskett,james', 'karpowicz,matt', 'scadlock,kyle']",01:57,01:57,0,,0,,0,,0,,0,,0,,0,,0,,0,,0,,0,,0,,0,,0,,0,,0,,0,0,0,0,0,0,0,0,0,0,1,0,0,0,0,0
20181129,1,"['casey,bobby', 'feinberg,henry', 'heskett,james', 'karpowicz,matt', 'scadlock,kyle']",01:57,01:42,0,,0,,1,"heskett,james",0,,1,"heskett,james",0,,0,,0,,0,,0,,0,,0,,0,,0,,0,,0,,0,0,0,0,0,0,0,0,0,0,0,0,0,0,0,0
20181129,1,"['casey,bobby', 'feinberg,henry', 'heskett,james', 'karpowicz,matt', 'scadlock,kyle']",01:42,01:42,0,,0,,0,,0,,0,,0,,0,,0,,1,"karpowicz,matt",0,,0,,0,,0,,0,,0,,0,,0,0,0,0,0,0,0,0,0,0,0,0,0,0,0,0
20181129,1,"['casey,bobby', 'feinberg,henry', 'heskett,james', 'karpowicz,matt', 'scadlock,kyle']",01:42,01:37,1,"karpowicz,matt",1,"karpowicz,matt",0,,0,,1,"karpowicz,matt",1,"karpowicz,matt",0,,0,,0,,0,,0,,0,,0,,0,,0,,2,"karpowicz,matt",0,0,0,0,0,0,0,0,0,0,0,0,0,0,0,0
20181129,1,"['casey,bobby', 'feinberg,henry', 'heskett,james', 'karpowicz,matt', 'scadlock,kyle']",01:37,01:22,0,,0,,0,,0,,0,,0,,0,,0,,0,,0,,0,,0,,0,,0,,0,,0,,1,0,0,0,1,0,0,0,0,0,0,0,0,0,0,0
20181129,1,"['casey,bobby', 'feinberg,henry', 'heskett,james', 'karpowicz,matt', 'scadlock,kyle']",01:22,01:22,0,,0,,0,,0,,0,,0,,0,,0,,0,,0,,0,,0,,0,,0,,0,,0,,0,0,0,0,0,0,0,0,1,0,0,0,0,0,0,0
20181129,1,"['casey,bobby', 'feinberg,henry', 'heskett,james', 'karpowicz,matt', 'scadlock,kyle']",01:22,01:17,0,,0,,0,,0,,0,,0,,0,,0,,0,,0,,0,,0,,0,,0,,0,,0,,0,0,1,0,1,0,0,0,0,0,0,0,0,0,0,0
20181129,1,"['casey,bobby', 'feinberg,henry', 'heskett,james', 'karpowicz,matt', 'scadlock,kyle']",01:17,01:17,0,,0,,0,,0,,0,,0,,0,,0,,0,,1,"heskett,james",0,,0,,0,,0,,0,,0,,0,0,0,0,0,0,0,0,0,0,0,0,0,0,0,0
20181129,1,"['casey,bobby', 'feinberg,henry', 'heskett,james', 'karpowicz,matt', 'scadlock,kyle']",01:17,01:10,0,,0,,0,,0,,0,,0,,0,,0,,0,,0,,0,,0,,0,,1,"feinberg,henry",0,,0,,0,0,0,0,0,0,0,0,0,0,0,0,0,0,0,0
20181129,1,"['casey,bobby', 'feinberg,henry', 'heskett,james', 'karpowicz,matt', 'scadlock,kyle']",01:10,01:10,0,,0,,0,,0,,0,,0,,0,,0,,0,,0,,0,,1,"feinberg,henry",0,,0,,0,,0,,0,0,0,0,0,0,0,0,0,0,0,0,0,0,0,0
20181129,1,"['babek,mickey', 'feinberg,henry', 'heskett,james', 'kempton,michael', 'scadlock,kyle']",01:10,00:50,0,,0,,0,,0,,0,,0,,0,,0,,0,,0,,0,,0,,0,,0,,0,,0,,1,0,0,0,1,0,0,0,0,0,0,0,0,0,0,0
20181129,1,"['babek,mickey', 'feinberg,henry', 'heskett,james', 'kempton,michael', 'scadlock,kyle']",00:50,00:50,0,,0,,0,,0,,0,,0,,0,,0,,0,,0,,0,,0,,0,,0,,0,,0,,0,0,0,0,0,0,0,0,1,0,0,0,0,0,0,0
20181129,1,"['babek,mickey', 'feinberg,henry', 'heskett,james', 'kempton,michael', 'scadlock,kyle']",00:50,00:45,0,,0,,0,,0,,0,,0,,0,,0,,0,,0,,0,,0,,0,,0,,0,,0,,1,0,0,0,1,0,0,0,0,0,0,0,0,0,0,0
20181129,1,"['babek,mickey', 'feinberg,henry', 'heskett,james', 'kempton,michael', 'scadlock,kyle']",00:45,00:45,0,,0,,0,,0,,0,,0,,0,,0,,0,,1,"scadlock,kyle",0,,0,,0,,0,,0,,0,,0,0,0,0,0,0,0,0,0,0,0,0,0,0,0,0
20181129,1,"['babek,mickey', 'feinberg,henry', 'heskett,james', 'kempton,michael', 'scadlock,kyle']",00:45,00:42,0,,0,,0,,0,,0,,0,,0,,0,,0,,0,,0,,0,,0,,0,,0,,0,,0,0,0,0,0,0,0,0,0,0,0,0,0,1,0,0
20181129,1,"['babek,mickey', 'feinberg,henry', 'heskett,james', 'kempton,michael', 'scadlock,kyle']",00:42,00:35,0,,0,,0,,0,,0,,0,,1,"scadlock,kyle",1,"scadlock,kyle",0,,0,,0,,0,,0,,0,,0,,1,"scadlock,kyle",0,0,0,0,0,0,0,0,0,0,0,0,0,0,0,0
20181129,1,"['babek,mickey', 'feinberg,henry', 'heskett,james', 'kempton,michael', 'scadlock,kyle']",00:20,00:16,0,,0,,0,,0,,0,,0,,1,"scadlock,kyle",1,"scadlock,kyle",0,,0,,0,,0,,0,,0,,0,,1,"scadlock,kyle",0,0,0,0,0,0,0,0,0,0,0,0,0,0,0,0
20181129,1,"['babek,mickey', 'feinberg,henry', 'heskett,james', 'kempton,michael', 'scadlock,kyle']",00:16,00:13,0,,0,,0,,0,,0,,0,,0,,0,,0,,0,,0,,0,,0,,0,,0,,0,,0,0,0,0,0,0,0,0,0,0,0,0,0,1,0,0
20181129,1,"['babek,mickey', 'feinberg,henry', 'heskett,james', 'kempton,michael', 'scadlock,kyle']",00:13,00:13,0,,0,,0,,0,,0,,0,,0,,0,,0,,0,,0,,0,,0,,0,,0,,0,,0,0,1,1,1,1,0,0,0,0,0,0,0,0,0,3
20181129,1,"['babek,mickey', 'feinberg,henry', 'heskett,james', 'kempton,michael', 'scadlock,kyle']",00:13,00:13,0,,0,,0,,0,,0,,0,,0,,0,,0,,0,,1,"scadlock,kyle",0,,0,,0,,0,,0,,0,0,0,0,0,0,0,0,0,0,0,0,0,0,0,0
20181129,1,"['casey,bobby', 'feinberg,henry', 'heskett,james', 'kempton,michael', 'scadlock,kyle']",00:13,00:11,0,,0,,0,,0,,0,,0,,0,,0,,0,,0,,0,,0,,0,,1,"feinberg,henry",0,,0,,0,0,0,0,0,0,0,0,0,0,0,0,0,0,0,0
20181129,1,"['casey,bobby', 'feinberg,henry', 'heskett,james', 'kempton,michael', 'scadlock,kyle']",00:11,00:11,0,,0,,0,,0,,0,,0,,0,,0,,0,,0,,0,,0,,0,,0,,0,,0,,0,0,0,0,0,0,1,1,0,0,0,0,0,0,0,1
20181129,1,"['casey,bobby', 'feinberg,henry', 'heskett,james', 'kempton,michael', 'scadlock,kyle']",00:11,00:11,0,,0,,0,,0,,0,,0,,0,,0,,0,,0,,0,,0,,0,,0,,0,,0,,0,0,0,0,0,0,1,0,0,0,0,0,0,0,0,0
20181129,1,"['casey,bobby', 'feinberg,henry', 'heskett,james', 'kempton,michael', 'scadlock,kyle']",00:11,00:11,0,,0,,0,,0,,0,,0,,0,,0,,0,,1,"heskett,james",0,,0,,0,,0,,0,,0,,0,0,0,0,0,0,0,0,0,0,0,0,0,0,0,0
20181129,1,"['casey,bobby', 'feinberg,henry', 'heskett,james', 'kempton,michael', 'scadlock,kyle']",00:11,00:03,1,"heskett,james",1,"heskett,james",0,,0,,1,"heskett,james",1,"heskett,james",0,,0,,0,,0,,0,,0,,0,,0,,0,,2,"heskett,james",0,0,0,0,0,0,0,0,0,0,0,0,0,0,0,0
20181129,1,"['casey,bobby', 'feinberg,henry', 'heskett,james', 'kempton,michael', 'scadlock,kyle']",00:03,00:00,0,,0,,0,,0,,0,,0,,0,,0,,0,,0,,0,,0,,0,,0,,0,,0,,0,0,0,0,0,0,0,0,0,0,0,0,0,0,0,0
20181129,2,"['casey,bobby', 'feinberg,henry', 'heskett,james', 'karpowicz,matt', 'scadlock,kyle']",20:00,19:54,0,,0,,0,,0,,0,,0,,0,,0,,0,,0,,0,,0,,0,,0,,0,,0,,1,0,0,0,1,0,0,0,0,0,0,0,0,0,0,0
20181129,2,"['casey,bobby', 'feinberg,henry', 'heskett,james', 'karpowicz,matt', 'scadlock,kyle']",19:54,19:54,0,,0,,0,,0,,0,,0,,0,,0,,1,team,0,,0,,0,,0,,0,,0,,0,,0,0,0,0,0,0,0,0,0,0,0,0,0,0,0,0
20181129,2,"['casey,bobby', 'feinberg,henry', 'heskett,james', 'karpowicz,matt', 'scadlock,kyle']",19:54,19:24,0,,0,,0,,0,,0,,0,,0,,0,,0,,0,,0,,0,,0,,0,,0,,0,,0,0,1,0,1,0,0,0,0,0,0,0,0,0,0,0
20181129,2,"['casey,bobby', 'feinberg,henry', 'heskett,james', 'karpowicz,matt', 'scadlock,kyle']",19:24,19:24,0,,0,,0,,0,,0,,0,,0,,0,,0,,1,"casey,bobby",0,,0,,0,,0,,0,,0,,0,0,0,0,0,0,0,0,0,0,0,0,0,0,0,0
20181129,2,"['casey,bobby', 'feinberg,henry', 'heskett,james', 'karpowicz,matt', 'scadlock,kyle']",19:24,19:14,1,"karpowicz,matt",1,"karpowicz,matt",0,,0,,1,"karpowicz,matt",1,"karpowicz,matt",0,,0,,0,,0,,0,,0,,0,,0,,0,,2,"karpowicz,matt",0,0,0,0,0,0,0,0,0,0,0,0,0,0,0,0
20181129,2,"['casey,bobby', 'feinberg,henry', 'heskett,james', 'karpowicz,matt', 'scadlock,kyle']",19:14,19:14,0,,0,,0,,0,,0,,0,,0,,0,,0,,0,,1,"scadlock,kyle",0,,0,,0,,0,,0,,0,0,0,0,0,0,0,0,0,0,0,0,0,0,0,0
20181129,2,"['casey,bobby', 'feinberg,henry', 'heskett,james', 'karpowicz,matt', 'scadlock,kyle']",19:14,19:00,0,,0,,0,,0,,0,,0,,0,,0,,0,,0,,0,,0,,0,,0,,0,,0,,1,0,0,0,1,0,0,0,0,0,0,0,0,0,0,0
20181129,2,"['casey,bobby', 'feinberg,henry', 'heskett,james', 'karpowicz,matt', 'scadlock,kyle']",19:00,19:00,0,,0,,0,,0,,0,,0,,0,,0,,0,,1,"karpowicz,matt",0,,0,,0,,0,,0,,0,,0,0,0,0,0,0,0,0,0,0,0,0,0,0,0,0
20181129,2,"['casey,bobby', 'feinberg,henry', 'heskett,james', 'karpowicz,matt', 'scadlock,kyle']",19:00,18:46,0,,0,,0,,0,,0,,0,,0,,0,,0,,0,,0,,0,,0,,0,,0,,0,,0,0,0,0,0,0,0,0,0,0,0,0,0,1,0,0
20181129,2,"['casey,bobby', 'feinberg,henry', 'heskett,james', 'karpowicz,matt', 'scadlock,kyle']",18:46,18:41,0,,0,,1,"heskett,james",1,"heskett,james",1,"heskett,james",1,"heskett,james",0,,0,,0,,0,,0,,0,,0,,0,,0,,3,"heskett,james",0,0,0,0,0,0,0,0,0,0,0,0,0,0,0,0
20181129,2,"['casey,bobby', 'feinberg,henry', 'heskett,james', 'karpowicz,matt', 'scadlock,kyle']",18:41,18:41,0,,0,,0,,0,,0,,0,,0,,0,,0,,0,,1,"casey,bobby",0,,0,,0,,0,,0,,0,0,0,0,0,0,0,0,0,0,0,0,0,0,0,0
20181129,2,"['casey,bobby', 'feinberg,henry', 'heskett,james', 'karpowicz,matt', 'scadlock,kyle']",18:41,18:15,0,,0,,0,,0,,0,,0,,0,,0,,0,,0,,0,,0,,0,,0,,0,,0,,0,0,1,0,1,0,0,0,0,0,0,0,0,0,0,0
20181129,2,"['casey,bobby', 'feinberg,henry', 'heskett,james', 'karpowicz,matt', 'scadlock,kyle']",18:15,18:15,0,,0,,0,,0,,0,,0,,0,,0,,0,,1,"feinberg,henry",0,,0,,0,,0,,0,,0,,0,0,0,0,0,0,0,0,0,0,0,0,0,0,0,0
20181129,2,"['casey,bobby', 'feinberg,henry', 'heskett,james', 'karpowicz,matt', 'scadlock,kyle']",18:15,18:05,0,,0,,1,"feinberg,henry",1,"feinberg,henry",1,"feinberg,henry",1,"feinberg,henry",0,,0,,0,,0,,0,,0,,0,,0,,0,,3,"feinberg,henry",0,0,0,0,0,0,0,0,0,0,0,0,0,0,0,0
20181129,2,"['casey,bobby', 'feinberg,henry', 'heskett,james', 'karpowicz,matt', 'scadlock,kyle']",18:05,18:05,0,,0,,0,,0,,0,,0,,0,,0,,0,,0,,1,"scadlock,kyle",0,,0,,0,,0,,0,,0,0,0,0,0,0,0,0,0,0,0,0,0,0,0,0
20181129,2,"['casey,bobby', 'feinberg,henry', 'heskett,james', 'karpowicz,matt', 'scadlock,kyle']",18:05,17:37,0,,0,,0,,0,,0,,0,,0,,0,,0,,0,,0,,0,,0,,0,,0,,0,,1,0,0,0,1,0,0,0,0,0,0,0,0,0,0,0
20181129,2,"['casey,bobby', 'feinberg,henry', 'heskett,james', 'karpowicz,matt', 'scadlock,kyle']",17:37,17:37,0,,0,,0,,0,,0,,0,,0,,0,,0,,1,"karpowicz,matt",0,,0,,0,,0,,0,,0,,0,0,0,0,0,0,0,0,0,0,0,0,0,0,0,0
20181129,2,"['casey,bobby', 'feinberg,henry', 'heskett,james', 'karpowicz,matt', 'scadlock,kyle']",17:37,17:26,0,,0,,0,,0,,0,,0,,0,,0,,0,,0,,0,,1,"heskett,james",0,,0,,0,,0,,0,0,0,0,0,0,0,0,0,0,0,0,0,0,0,0
20181129,2,"['casey,bobby', 'feinberg,henry', 'heskett,james', 'karpowicz,matt', 'scadlock,kyle']",17:26,17:25,0,,0,,0,,0,,0,,0,,0,,0,,0,,0,,0,,0,,0,,0,,0,,0,,0,0,0,0,0,0,0,0,0,0,0,0,1,0,0,0
20181129,2,"['casey,bobby', 'feinberg,henry', 'heskett,james', 'karpowicz,matt', 'scadlock,kyle']",17:25,17:21,0,,0,,0,,0,,0,,0,,0,,0,,0,,0,,0,,0,,0,,0,,0,,0,,1,0,0,0,1,0,0,0,0,0,0,0,0,0,0,0
20181129,2,"['casey,bobby', 'feinberg,henry', 'heskett,james', 'karpowicz,matt', 'scadlock,kyle']",17:21,17:21,0,,0,,0,,0,,0,,0,,0,,0,,0,,1,"karpowicz,matt",0,,0,,0,,0,,0,,0,,0,0,0,0,0,0,0,0,0,0,0,0,0,0,0,0
20181129,2,"['casey,bobby', 'feinberg,henry', 'heskett,james', 'karpowicz,matt', 'scadlock,kyle']",17:21,17:19,0,,0,,0,,0,,0,,0,,0,,0,,0,,0,,0,,0,,0,,0,,0,,0,,0,0,0,0,0,0,0,0,0,0,0,0,0,1,0,0
20181129,2,"['casey,bobby', 'feinberg,henry', 'heskett,james', 'karpowicz,matt', 'scadlock,kyle']",17:19,17:06,1,"karpowicz,matt",0,,0,,0,,1,"karpowicz,matt",0,,0,,0,,0,,0,,0,,0,,0,,0,,0,,0,,0,0,0,0,0,0,0,0,0,0,0,0,0,0,0,0
20181129,2,"['casey,bobby', 'feinberg,henry', 'heskett,james', 'karpowicz,matt', 'scadlock,kyle']",17:06,17:06,0,,0,,0,,0,,0,,0,,0,,0,,1,"karpowicz,matt",0,,0,,0,,0,,0,,0,,0,,0,0,0,0,0,0,0,0,0,0,0,0,0,0,0,0
20181129,2,"['casey,bobby', 'feinberg,henry', 'heskett,james', 'karpowicz,matt', 'scadlock,kyle']",17:06,16:52,1,"karpowicz,matt",0,,0,,0,,1,"karpowicz,matt",0,,0,,0,,0,,0,,0,,0,,0,,0,,0,,0,,0,0,0,0,0,0,0,0,0,0,0,0,0,0,0,0
20181129,2,"['casey,bobby', 'feinberg,henry', 'heskett,james', 'karpowicz,matt', 'scadlock,kyle']",16:52,16:52,0,,0,,0,,0,,0,,0,,0,,0,,1,"scadlock,kyle",0,,0,,0,,0,,0,,0,,0,,0,0,0,0,0,0,0,0,0,0,0,0,0,0,0,0
20181129,2,"['casey,bobby', 'feinberg,henry', 'heskett,james', 'karpowicz,matt', 'scadlock,kyle']",16:52,16:52,0,,0,,0,,0,,0,,0,,0,,0,,0,,0,,0,,0,,0,,0,,0,,0,,0,0,0,0,0,0,0,0,0,0,0,0,0,1,0,0
20181129,2,"['casey,bobby', 'feinberg,henry', 'heskett,james', 'karpowicz,matt', 'scadlock,kyle']",16:52,16:48,0,,0,,0,,0,,0,,0,,1,"scadlock,kyle",1,"scadlock,kyle",0,,0,,0,,0,,0,,0,,0,,1,"scadlock,kyle",0,0,0,0,0,0,0,0,0,0,0,0,0,0,0,0
20181129,2,"['casey,bobby', 'feinberg,henry', 'heskett,james', 'karpowicz,matt', 'scadlock,kyle']",16:48,16:46,0,,0,,0,,0,,0,,0,,1,"scadlock,kyle",1,"scadlock,kyle",0,,0,,0,,0,,0,,0,,0,,1,"scadlock,kyle",0,0,0,0,0,0,0,0,0,0,0,0,0,0,0,0
20181129,2,"['casey,bobby', 'feinberg,henry', 'heskett,james', 'karpowicz,matt', 'scadlock,kyle']",16:30,16:22,0,,0,,0,,0,,0,,0,,0,,0,,0,,0,,0,,0,,0,,0,,0,,0,,0,0,1,0,1,0,0,0,0,0,0,0,0,0,0,0
20181129,2,"['casey,bobby', 'feinberg,henry', 'heskett,james', 'karpowicz,matt', 'scadlock,kyle']",16:22,16:22,0,,0,,0,,0,,0,,0,,0,,0,,0,,0,,0,,0,,0,,0,,0,,0,,0,0,0,0,0,0,0,0,1,0,0,0,0,0,0,0
20181129,2,"['casey,bobby', 'feinberg,henry', 'heskett,james', 'karpowicz,matt', 'scadlock,kyle']",16:22,16:22,0,,0,,0,,0,,0,,0,,0,,0,,0,,0,,0,,0,,0,,0,,0,,0,,1,0,0,0,1,0,0,0,0,0,0,0,0,0,0,0
20181129,2,"['casey,bobby', 'feinberg,henry', 'heskett,james', 'karpowicz,matt', 'scadlock,kyle']",16:22,16:22,0,,0,,0,,0,,0,,0,,0,,0,,0,,1,"karpowicz,matt",0,,0,,0,,0,,0,,0,,0,0,0,0,0,0,0,0,0,0,0,0,0,0,0,0
20181129,2,"['casey,bobby', 'feinberg,henry', 'heskett,james', 'karpowicz,matt', 'scadlock,kyle']",16:22,16:22,0,,0,,1,"heskett,james",0,,1,"heskett,james",0,,0,,0,,0,,0,,0,,0,,0,,0,,0,,0,,0,0,0,0,0,0,0,0,0,0,0,0,0,0,0,0
20181129,2,"['casey,bobby', 'feinberg,henry', 'heskett,james', 'karpowicz,matt', 'scadlock,kyle']",16:22,16:22,0,,0,,0,,0,,0,,0,,0,,0,,0,,0,,0,,0,,0,,0,,0,,0,,0,0,0,0,0,0,0,0,0,1,0,0,0,0,0,0
20181129,2,"['casey,bobby', 'feinberg,henry', 'heskett,james', 'karpowicz,matt', 'scadlock,kyle']",16:22,16:22,0,,0,,0,,0,,0,,0,,0,,0,,0,,0,,0,,0,,0,,0,,0,,0,,1,1,0,0,1,1,0,0,0,0,0,0,0,0,0,2
20181129,2,"['casey,bobby', 'heskett,james', 'kempton,michael', 'scadlock,kyle', 'soto,marcos']",16:12,15:55,0,,0,,1,"casey,bobby",0,,1,"casey,bobby",0,,0,,0,,0,,0,,0,,0,,0,,0,,0,,0,,0,0,0,0,0,0,0,0,0,0,0,0,0,0,0,0
20181129,2,"['casey,bobby', 'heskett,james', 'kempton,michael', 'scadlock,kyle', 'soto,marcos']",15:55,15:55,0,,0,,0,,0,,0,,0,,0,,0,,1,"scadlock,kyle",0,,0,,0,,0,,0,,0,,0,,0,0,0,0,0,0,0,0,0,0,0,0,0,0,0,0
20181129,2,"['casey,bobby', 'heskett,james', 'kempton,michael', 'scadlock,kyle', 'soto,marcos']",15:55,15:51,0,,0,,0,,0,,0,,0,,0,,0,,0,,0,,0,,0,,0,,1,"scadlock,kyle",0,,0,,0,0,0,0,0,0,0,0,0,0,0,0,0,0,0,0
20181129,2,"['casey,bobby', 'heskett,james', 'kempton,michael', 'scadlock,kyle', 'soto,marcos']",15:51,15:51,0,,0,,0,,0,,0,,0,,0,,0,,0,,0,,0,,1,"scadlock,kyle",0,,0,,0,,0,,0,0,0,0,0,0,0,0,0,0,0,0,0,0,0,0
20181129,2,"['casey,bobby', 'heskett,james', 'kempton,michael', 'scadlock,kyle', 'soto,marcos']",15:41,15:20,0,,0,,0,,0,,0,,0,,0,,0,,0,,0,,0,,0,,0,,0,,0,,0,,0,0,0,0,0,0,0,0,0,0,0,1,0,0,0,0
20181129,2,"['casey,bobby', 'heskett,james', 'kempton,michael', 'scadlock,kyle', 'soto,marcos']",15:20,15:04,0,,0,,0,,0,,0,,0,,0,,0,,0,,0,,0,,0,,0,,0,,0,,0,,0,0,0,0,0,0,0,0,0,0,0,0,0,1,0,0
20181129,2,"['babek,mickey', 'casey,bobby', 'heskett,james', 'kempton,michael', 'soto,marcos']",15:04,14:40,0,,0,,1,"heskett,james",1,"heskett,james",1,"heskett,james",1,"heskett,james",0,,0,,0,,0,,0,,0,,0,,0,,0,,3,"heskett,james",0,0,0,0,0,0,0,0,0,0,0,0,0,0,0,0
20181129,2,"['babek,mickey', 'casey,bobby', 'heskett,james', 'kempton,michael', 'soto,marcos']",14:40,14:40,0,,0,,0,,0,,0,,0,,0,,0,,0,,0,,1,"kempton,michael",0,,0,,0,,0,,0,,0,0,0,0,0,0,0,0,0,0,0,0,0,0,0,0
20181129,2,"['babek,mickey', 'casey,bobby', 'heskett,james', 'kempton,michael', 'soto,marcos']",14:40,14:12,0,,0,,0,,0,,0,,0,,0,,0,,0,,0,,0,,0,,0,,0,,0,,0,,0,0,1,0,1,0,0,0,0,0,0,0,0,0,0,0
20181129,2,"['babek,mickey', 'casey,bobby', 'heskett,james', 'kempton,michael', 'soto,marcos']",14:12,14:12,0,,0,,0,,0,,0,,0,,0,,0,,0,,1,"heskett,james",0,,0,,0,,0,,0,,0,,0,0,0,0,0,0,0,0,0,0,0,0,0,0,0,0
20181129,2,"['babek,mickey', 'casey,bobby', 'heskett,james', 'kempton,michael', 'soto,marcos']",14:09,13:52,0,,0,,1,"soto,marcos",1,"soto,marcos",1,"soto,marcos",1,"soto,marcos",0,,0,,0,,0,,0,,0,,0,,0,,0,,3,"soto,marcos",0,0,0,0,0,0,0,0,0,0,0,0,0,0,0,0
20181129,2,"['babek,mickey', 'casey,bobby', 'heskett,james', 'kempton,michael', 'soto,marcos']",13:52,13:52,0,,0,,0,,0,,0,,0,,0,,0,,0,,0,,1,"kempton,michael",0,,0,,0,,0,,0,,0,0,0,0,0,0,0,0,0,0,0,0,0,0,0,0
20181129,2,"['babek,mickey', 'casey,bobby', 'heskett,james', 'kempton,michael', 'soto,marcos']",13:52,13:22,0,,0,,0,,0,,0,,0,,0,,0,,0,,0,,0,,0,,0,,0,,0,,0,,0,0,1,0,1,0,0,0,0,0,0,0,0,0,0,0
20181129,2,"['babek,mickey', 'casey,bobby', 'heskett,james', 'kempton,michael', 'soto,marcos']",13:22,13:22,0,,0,,0,,0,,0,,0,,0,,0,,0,,1,"babek,mickey",0,,0,,0,,0,,0,,0,,0,0,0,0,0,0,0,0,0,0,0,0,0,0,0,0
20181129,2,"['babek,mickey', 'casey,bobby', 'heskett,james', 'kempton,michael', 'soto,marcos']",13:22,13:14,0,,0,,1,"casey,bobby",1,"casey,bobby",1,"casey,bobby",1,"casey,bobby",0,,0,,0,,0,,0,,0,,0,,0,,0,,3,"casey,bobby",0,0,0,0,0,0,0,0,0,0,0,0,0,0,0,0
20181129,2,"['babek,mickey', 'casey,bobby', 'heskett,james', 'kempton,michael', 'soto,marcos']",13:14,13:14,0,,0,,0,,0,,0,,0,,0,,0,,0,,0,,1,"kempton,michael",0,,0,,0,,0,,0,,0,0,0,0,0,0,0,0,0,0,0,0,0,0,0,0
20181129,2,"['babek,mickey', 'feinberg,henry', 'kempton,michael', 'soto,marcos', 'vincebrookins,jr']",13:10,12:53,0,,0,,0,,0,,0,,0,,0,,0,,0,,0,,0,,0,,0,,0,,0,,0,,1,1,0,0,1,1,0,0,0,0,0,0,0,0,0,2
20181129,2,"['babek,mickey', 'feinberg,henry', 'kempton,michael', 'soto,marcos', 'vincebrookins,jr']",12:53,12:34,0,,0,,0,,0,,0,,0,,0,,0,,0,,0,,0,,0,,0,,1,"feinberg,henry",0,,0,,0,0,0,0,0,0,0,0,0,0,0,0,0,0,0,0
20181129,2,"['babek,mickey', 'feinberg,henry', 'kempton,michael', 'soto,marcos', 'vincebrookins,jr']",12:34,12:34,0,,0,,0,,0,,0,,0,,0,,0,,0,,0,,0,,1,"feinberg,henry",0,,0,,0,,0,,0,0,0,0,0,0,0,0,0,0,0,0,0,0,0,0
20181129,2,"['babek,mickey', 'feinberg,henry', 'kempton,michael', 'taylor,marc', 'vincebrookins,jr']",12:34,12:14,0,,0,,0,,0,,0,,0,,0,,0,,0,,0,,0,,0,,0,,0,,0,,0,,0,0,1,0,1,0,0,0,0,0,0,0,0,0,0,0
20181129,2,"['babek,mickey', 'feinberg,henry', 'kempton,michael', 'taylor,marc', 'vincebrookins,jr']",12:14,12:14,0,,0,,0,,0,,0,,0,,0,,0,,0,,1,team,0,,0,,0,,0,,0,,0,,0,0,0,0,0,0,0,0,0,0,0,0,0,0,0,0
20181129,2,"['babek,mickey', 'feinberg,henry', 'kempton,michael', 'taylor,marc', 'vincebrookins,jr']",12:14,11:53,1,"babek,mickey",1,"babek,mickey",0,,0,,1,"babek,mickey",1,"babek,mickey",0,,0,,0,,0,,0,,0,,0,,0,,0,,2,"babek,mickey",0,0,0,0,0,0,0,0,0,0,0,0,0,0,0,0
20181129,2,"['babek,mickey', 'feinberg,henry', 'kempton,michael', 'taylor,marc', 'vincebrookins,jr']",11:53,11:39,0,,0,,0,,0,,0,,0,,0,,0,,0,,0,,0,,0,,0,,1,"vincebrookins,jr",0,,0,,0,0,0,0,0,0,0,0,0,0,0,0,0,0,0,0
20181129,2,"['babek,mickey', 'feinberg,henry', 'kempton,michael', 'taylor,marc', 'vincebrookins,jr']",11:39,11:21,0,,0,,0,,0,,0,,0,,0,,0,,0,,0,,0,,0,,0,,0,,0,,0,,0,0,1,1,1,1,0,0,0,0,0,0,0,0,0,3
20181129,2,"['babek,mickey', 'feinberg,henry', 'kempton,michael', 'taylor,marc', 'vincebrookins,jr']",11:21,11:03,0,,0,,0,,0,,0,,0,,0,,0,,0,,0,,0,,0,,0,,0,,0,,0,,0,0,1,0,1,0,0,0,0,0,0,0,0,0,0,0
20181129,2,"['babek,mickey', 'feinberg,henry', 'kempton,michael', 'taylor,marc', 'vincebrookins,jr']",11:03,11:03,0,,0,,0,,0,,0,,0,,0,,0,,0,,1,"vincebrookins,jr",0,,0,,0,,0,,0,,0,,0,0,0,0,0,0,0,0,0,0,0,0,0,0,0,0
20181129,2,"['babek,mickey', 'feinberg,henry', 'kempton,michael', 'taylor,marc', 'vincebrookins,jr']",11:03,10:54,0,,0,,0,,0,,0,,0,,0,,0,,0,,0,,0,,0,,0,,0,,0,,0,,0,0,1,0,1,0,0,0,0,0,0,0,0,0,0,0
20181129,2,"['babek,mickey', 'feinberg,henry', 'kempton,michael', 'taylor,marc', 'vincebrookins,jr']",10:54,10:54,0,,0,,0,,0,,0,,0,,0,,0,,1,"taylor,marc",0,,0,,0,,0,,0,,0,,0,,0,0,0,0,0,0,0,0,0,0,0,0,0,0,0,0
20181129,2,"['babek,mickey', 'feinberg,henry', 'kempton,michael', 'taylor,marc', 'vincebrookins,jr']",10:54,10:49,0,,0,,0,,0,,0,,0,,0,,0,,0,,0,,0,,1,"taylor,marc",0,,0,,0,,0,,0,0,0,0,0,0,0,0,0,0,0,0,0,0,0,0
20181129,2,"['babek,mickey', 'feinberg,henry', 'kempton,michael', 'taylor,marc', 'vincebrookins,jr']",10:49,10:49,0,,0,,0,,0,,0,,0,,0,,0,,0,,0,,0,,0,,0,,0,,0,,0,,0,0,0,0,0,0,0,0,0,0,0,0,1,0,0,0
20181129,2,"['babek,mickey', 'feinberg,henry', 'kempton,michael', 'taylor,marc', 'vincebrookins,jr']",10:49,10:44,0,,0,,0,,0,,0,,0,,0,,0,,0,,0,,0,,0,,0,,1,"kempton,michael",0,,0,,0,0,0,0,0,0,0,0,0,0,0,0,0,0,0,0
20181129,2,"['babek,mickey', 'jones,jovan', 'karpowicz,matt', 'taylor,marc', 'vincebrookins,jr']",10:44,10:42,0,,0,,0,,0,,0,,0,,0,,0,,0,,0,,0,,0,,0,,0,,0,,0,,1,0,0,0,1,0,0,0,0,0,0,0,0,0,0,0
20181129,2,"['babek,mickey', 'jones,jovan', 'karpowicz,matt', 'taylor,marc', 'vincebrookins,jr']",10:42,10:42,0,,0,,0,,0,,0,,0,,0,,0,,0,,1,"karpowicz,matt",0,,0,,0,,0,,0,,0,,0,0,0,0,0,0,0,0,0,0,0,0,0,0,0,0
20181129,2,"['babek,mickey', 'jones,jovan', 'karpowicz,matt', 'taylor,marc', 'vincebrookins,jr']",10:42,10:33,0,,0,,0,,0,,0,,0,,0,,0,,0,,0,,0,,0,,0,,0,,0,,0,,0,0,0,0,0,0,0,0,0,0,0,0,0,1,0,0
20181129,2,"['babek,mickey', 'jones,jovan', 'karpowicz,matt', 'taylor,marc', 'vincebrookins,jr']",10:33,10:33,0,,0,,0,,0,,0,,0,,1,"vincebrookins,jr",0,,0,,0,,0,,0,,0,,0,,0,,0,,0,0,0,0,0,0,0,0,0,0,0,0,0,0,0,0
20181129,2,"['babek,mickey', 'jones,jovan', 'karpowicz,matt', 'taylor,marc', 'vincebrookins,jr']",10:33,10:33,0,,0,,0,,0,,0,,0,,1,"vincebrookins,jr",1,"vincebrookins,jr",0,,0,,0,,0,,0,,0,,0,,1,"vincebrookins,jr",0,0,0,0,0,0,0,0,0,0,0,0,0,0,0,0
20181129,2,"['babek,mickey', 'jones,jovan', 'karpowicz,matt', 'taylor,marc', 'vincebrookins,jr']",10:33,10:18,0,,0,,0,,0,,0,,0,,0,,0,,0,,0,,0,,0,,0,,0,,0,,0,,1,0,0,0,1,0,0,0,0,0,0,0,0,0,0,0
20181129,2,"['babek,mickey', 'jones,jovan', 'karpowicz,matt', 'taylor,marc', 'vincebrookins,jr']",10:18,10:18,0,,0,,0,,0,,0,,0,,0,,0,,0,,1,team,0,,0,,0,,0,,0,,0,,0,0,0,0,0,0,0,0,0,0,0,0,0,0,0,0
20181129,2,"['babek,mickey', 'jones,jovan', 'karpowicz,matt', 'taylor,marc', 'vincebrookins,jr']",10:18,10:09,0,,0,,0,,0,,0,,0,,0,,0,,0,,0,,0,,1,"vincebrookins,jr",0,,0,,0,,0,,0,0,0,0,0,0,0,0,0,0,0,0,0,0,0,0
20181129,2,"['babek,mickey', 'jones,jovan', 'karpowicz,matt', 'taylor,marc', 'vincebrookins,jr']",10:09,10:08,0,,0,,0,,0,,0,,0,,0,,0,,0,,0,,0,,0,,0,,0,,0,,0,,0,0,0,0,0,0,0,0,0,0,0,0,1,0,0,0
20181129,2,"['babek,mickey', 'jones,jovan', 'karpowicz,matt', 'taylor,marc', 'vincebrookins,jr']",10:08,10:04,0,,0,,0,,0,,0,,0,,0,,0,,0,,0,,0,,0,,0,,0,,0,,0,,1,1,0,0,1,1,0,0,0,0,0,0,0,0,0,2
20181129,2,"['babek,mickey', 'jones,jovan', 'karpowicz,matt', 'taylor,marc', 'vincebrookins,jr']",10:04,09:38,1,"karpowicz,matt",1,"karpowicz,matt",0,,0,,1,"karpowicz,matt",1,"karpowicz,matt",0,,0,,0,,0,,0,,0,,0,,0,,0,,2,"karpowicz,matt",0,0,0,0,0,0,0,0,0,0,0,0,0,0,0,0
20181129,2,"['babek,mickey', 'jones,jovan', 'karpowicz,matt', 'taylor,marc', 'vincebrookins,jr']",09:38,09:23,0,,0,,0,,0,,0,,0,,0,,0,,0,,0,,0,,0,,0,,0,,0,,0,,1,0,0,0,1,0,0,0,0,0,0,0,0,0,0,0
20181129,2,"['babek,mickey', 'jones,jovan', 'karpowicz,matt', 'taylor,marc', 'vincebrookins,jr']",09:23,09:23,0,,0,,0,,0,,0,,0,,0,,0,,0,,0,,0,,0,,0,,0,,0,,0,,0,0,0,0,0,0,0,0,1,0,0,0,0,0,0,0
20181129,2,"['babek,mickey', 'jones,jovan', 'karpowicz,matt', 'taylor,marc', 'vincebrookins,jr']",09:23,09:21,0,,0,,0,,0,,0,,0,,0,,0,,0,,0,,0,,0,,0,,0,,0,,0,,1,0,0,0,1,0,0,0,0,0,0,0,0,0,0,0
20181129,2,"['babek,mickey', 'jones,jovan', 'karpowicz,matt', 'taylor,marc', 'vincebrookins,jr']",09:21,09:21,0,,0,,0,,0,,0,,0,,0,,0,,0,,1,"jones,jovan",0,,0,,0,,0,,0,,0,,0,0,0,0,0,0,0,0,0,0,0,0,0,0,0,0
20181129,2,"['jones,jovan', 'kacmarek,daniel', 'moon,ryan', 'soto,marcos', 'spivy,spencer']",09:18,09:16,1,"kacmarek,daniel",1,"kacmarek,daniel",0,,0,,1,"kacmarek,daniel",1,"kacmarek,daniel",0,,0,,0,,0,,0,,0,,0,,0,,0,,2,"kacmarek,daniel",0,0,0,0,0,0,0,0,0,0,0,0,0,0,0,0
20181129,2,"['jones,jovan', 'kacmarek,daniel', 'moon,ryan', 'soto,marcos', 'spivy,spencer']",09:16,09:02,0,,0,,0,,0,,0,,0,,0,,0,,0,,0,,0,,0,,0,,0,,0,,0,,1,0,0,0,1,0,0,0,0,0,0,0,0,0,0,0
20181129,2,"['jones,jovan', 'kacmarek,daniel', 'moon,ryan', 'soto,marcos', 'spivy,spencer']",09:02,09:02,0,,0,,0,,0,,0,,0,,0,,0,,0,,0,,0,,0,,0,,0,,0,,0,,0,0,0,0,0,0,0,0,1,0,0,0,0,0,0,0
20181129,2,"['jones,jovan', 'kacmarek,daniel', 'moon,ryan', 'soto,marcos', 'spivy,spencer']",09:02,08:58,0,,0,,0,,0,,0,,0,,0,,0,,0,,0,,0,,0,,0,,0,,0,,0,,1,0,0,0,1,0,0,0,0,0,0,0,0,0,0,0
20181129,2,"['jones,jovan', 'kacmarek,daniel', 'moon,ryan', 'soto,marcos', 'spivy,spencer']",08:58,08:58,0,,0,,0,,0,,0,,0,,0,,0,,0,,1,"spivy,spencer",0,,0,,0,,0,,0,,0,,0,0,0,0,0,0,0,0,0,0,0,0,0,0,0,0
20181129,2,"['jones,jovan', 'kacmarek,daniel', 'moon,ryan', 'soto,marcos', 'spivy,spencer']",08:58,08:53,1,"kacmarek,daniel",1,"kacmarek,daniel",0,,0,,1,"kacmarek,daniel",1,"kacmarek,daniel",0,,0,,0,,0,,0,,0,,0,,0,,0,,2,"kacmarek,daniel",0,0,0,0,0,0,0,0,0,0,0,0,0,0,0,0
20181129,2,"['jones,jovan', 'kacmarek,daniel', 'moon,ryan', 'soto,marcos', 'spivy,spencer']",08:53,08:53,0,,0,,0,,0,,0,,0,,0,,0,,0,,0,,1,"spivy,spencer",0,,0,,0,,0,,0,,0,0,0,0,0,0,0,0,0,0,0,0,0,0,0,0
20181129,2,"['jones,jovan', 'kacmarek,daniel', 'moon,ryan', 'soto,marcos', 'spivy,spencer']",08:53,08:39,0,,0,,0,,0,,0,,0,,0,,0,,0,,0,,0,,0,,0,,0,,0,,0,,1,0,0,0,1,0,0,0,0,0,0,0,0,0,0,0
20181129,2,"['jones,jovan', 'kacmarek,daniel', 'moon,ryan', 'soto,marcos', 'spivy,spencer']",08:39,08:39,0,,0,,0,,0,,0,,0,,0,,0,,0,,1,team,0,,0,,0,,0,,0,,0,,0,0,0,0,0,0,0,0,0,0,0,0,0,0,0,0
20181129,2,"['jones,jovan', 'kacmarek,daniel', 'moon,ryan', 'soto,marcos', 'spivy,spencer']",08:28,08:21,0,,0,,0,,0,,0,,0,,0,,0,,0,,0,,0,,0,,0,,0,,0,,0,,0,0,0,0,0,0,0,0,0,0,0,0,0,1,0,0
20181129,2,"['jones,jovan', 'kacmarek,daniel', 'moon,ryan', 'soto,marcos', 'spivy,spencer']",08:21,08:15,1,"jones,jovan",0,,0,,0,,1,"jones,jovan",0,,0,,0,,0,,0,,0,,0,,0,,0,,0,,0,,0,0,0,0,0,0,0,0,0,0,0,0,0,0,0,0
20181129,2,"['jones,jovan', 'kacmarek,daniel', 'moon,ryan', 'soto,marcos', 'spivy,spencer']",08:15,08:15,0,,0,,0,,0,,0,,0,,0,,0,,0,,0,,0,,0,,0,,0,,0,,0,,0,0,0,0,0,0,0,0,0,1,0,0,0,0,0,0
20181129,2,"['jones,jovan', 'kacmarek,daniel', 'moon,ryan', 'soto,marcos', 'spivy,spencer']",08:15,08:08,0,,0,,0,,0,,0,,0,,0,,0,,0,,0,,0,,0,,0,,0,,0,,0,,1,0,0,0,1,0,0,0,0,0,0,0,0,0,0,0
20181129,2,"['jones,jovan', 'kacmarek,daniel', 'moon,ryan', 'soto,marcos', 'spivy,spencer']",08:08,08:08,0,,0,,0,,0,,0,,0,,0,,0,,0,,0,,0,,0,,0,,0,,0,,0,,0,0,0,0,0,0,0,0,1,0,0,0,0,0,0,0
20181129,2,"['jones,jovan', 'kacmarek,daniel', 'moon,ryan', 'soto,marcos', 'spivy,spencer']",08:08,08:06,0,,0,,0,,0,,0,,0,,0,,0,,0,,0,,0,,0,,0,,1,"spivy,spencer",0,,0,,0,0,0,0,0,0,0,0,0,0,0,0,0,0,0,0
20181129,2,"['jones,jovan', 'kacmarek,daniel', 'moon,ryan', 'soto,marcos', 'spivy,spencer']",08:06,07:52,0,,0,,0,,0,,0,,0,,0,,0,,0,,0,,0,,0,,0,,0,,0,,0,,0,0,0,0,0,0,1,0,0,0,0,0,0,0,0,0
20181129,2,"['jones,jovan', 'kacmarek,daniel', 'moon,ryan', 'soto,marcos', 'spivy,spencer']",07:52,07:52,0,,0,,0,,0,,0,,0,,0,,0,,0,,0,,0,,0,,0,,0,,0,,0,,0,0,0,0,0,0,1,0,0,0,0,0,0,0,0,0
20181129,2,"['jones,jovan', 'kacmarek,daniel', 'moon,ryan', 'soto,marcos', 'spivy,spencer']",07:52,07:52,0,,0,,0,,0,,0,,0,,0,,0,,0,,1,"spivy,spencer",0,,0,,0,,0,,0,,0,,0,0,0,0,0,0,0,0,0,0,0,0,0,0,0,0
20181129,2,"['jones,jovan', 'kacmarek,daniel', 'moon,ryan', 'soto,marcos', 'spivy,spencer']",07:52,07:33,1,"moon,ryan",0,,0,,0,,1,"moon,ryan",0,,0,,0,,0,,0,,0,,0,,0,,0,,0,,0,,0,0,0,0,0,0,0,0,0,0,0,0,0,0,0,0
20181129,2,"['jones,jovan', 'kacmarek,daniel', 'moon,ryan', 'soto,marcos', 'spivy,spencer']",07:33,07:33,0,,0,,0,,0,,0,,0,,0,,0,,0,,0,,0,,0,,0,,0,,0,,0,,0,0,0,0,0,0,0,0,0,0,0,0,0,0,1,0
20181129,2,"['jones,jovan', 'kacmarek,daniel', 'moon,ryan', 'soto,marcos', 'spivy,spencer']",07:33,07:33,0,,0,,0,,0,,0,,0,,0,,0,,1,"spivy,spencer",0,,0,,0,,0,,0,,0,,0,,0,0,0,0,0,0,0,0,0,0,0,0,0,0,0,0
20181129,2,"['jones,jovan', 'kacmarek,daniel', 'moon,ryan', 'soto,marcos', 'spivy,spencer']",07:33,07:26,0,,0,,1,"spivy,spencer",1,"spivy,spencer",1,"spivy,spencer",1,"spivy,spencer",0,,0,,0,,0,,0,,0,,0,,0,,0,,3,"spivy,spencer",0,0,0,0,0,0,0,0,0,0,0,0,0,0,0,0
20181129,2,"['jones,jovan', 'kacmarek,daniel', 'moon,ryan', 'soto,marcos', 'spivy,spencer']",07:26,07:17,0,,0,,0,,0,,0,,0,,0,,0,,0,,0,,0,,0,,0,,0,,0,,0,,0,0,1,0,1,0,0,0,0,0,0,0,0,0,0,0
20181129,2,"['jones,jovan', 'kacmarek,daniel', 'moon,ryan', 'soto,marcos', 'spivy,spencer']",07:17,07:17,0,,0,,0,,0,,0,,0,,0,,0,,0,,1,team,0,,0,,0,,0,,0,,0,,0,0,0,0,0,0,0,0,0,0,0,0,0,0,0,0
20181129,2,"['jones,jovan', 'kacmarek,daniel', 'moon,ryan', 'taylor,marc', 'vincebrookins,jr']",07:13,06:46,1,"taylor,marc",0,,0,,0,,1,"taylor,marc",0,,0,,0,,0,,0,,0,,0,,0,,0,,0,,0,,0,0,0,0,0,0,0,0,0,0,0,0,0,0,0,0
20181129,2,"['jones,jovan', 'kacmarek,daniel', 'moon,ryan', 'taylor,marc', 'vincebrookins,jr']",06:46,06:46,0,,0,,0,,0,,0,,0,,0,,0,,0,,0,,0,,0,,0,,0,,0,,0,,0,0,0,0,0,0,0,0,0,0,0,0,0,0,1,0
20181129,2,"['jones,jovan', 'kacmarek,daniel', 'moon,ryan', 'taylor,marc', 'vincebrookins,jr']",06:46,06:46,0,,0,,0,,0,,0,,0,,0,,0,,0,,0,,0,,0,,0,,0,,0,,0,,0,0,0,0,0,0,0,0,0,1,0,0,0,0,0,0
20181129,2,"['jones,jovan', 'kacmarek,daniel', 'moon,ryan', 'taylor,marc', 'vincebrookins,jr']",06:46,06:42,0,,0,,0,,0,,0,,0,,0,,0,,0,,0,,0,,0,,0,,0,,0,,0,,0,0,0,0,0,0,0,0,0,0,0,1,0,0,0,0
20181129,2,"['jones,jovan', 'kacmarek,daniel', 'moon,ryan', 'taylor,marc', 'vincebrookins,jr']",06:42,06:42,0,,0,,0,,0,,0,,0,,0,,0,,0,,0,,0,,0,,1,"moon,ryan",0,,0,,0,,0,0,0,0,0,0,0,0,0,0,0,0,0,0,0,0
20181129,2,"['jones,jovan', 'kacmarek,daniel', 'moon,ryan', 'taylor,marc', 'vincebrookins,jr']",06:42,06:42,1,"moon,ryan",1,"moon,ryan",0,,0,,1,"moon,ryan",1,"moon,ryan",0,,0,,0,,0,,0,,0,,0,,0,,0,,2,"moon,ryan",0,0,0,0,0,0,0,0,0,0,0,0,0,0,0,0
20181129,2,"['jones,jovan', 'kacmarek,daniel', 'moon,ryan', 'taylor,marc', 'vincebrookins,jr']",06:42,06:39,0,,0,,0,,0,,0,,0,,0,,0,,0,,0,,0,,0,,0,,1,"taylor,marc",0,,0,,0,0,0,0,0,0,0,0,0,0,0,0,0,0,0,0
20181129,2,"['jones,jovan', 'kacmarek,daniel', 'moon,ryan', 'taylor,marc', 'vincebrookins,jr']",06:28,06:03,1,"moon,ryan",0,,0,,0,,1,"moon,ryan",0,,0,,0,,0,,0,,0,,0,,0,,0,,0,,0,,0,0,0,0,0,0,0,0,0,0,0,0,0,0,0,0
20181129,2,"['jones,jovan', 'kacmarek,daniel', 'moon,ryan', 'taylor,marc', 'vincebrookins,jr']",06:03,06:03,0,,0,,0,,0,,0,,0,,0,,0,,0,,0,,0,,0,,0,,0,,0,,0,,0,0,0,0,0,0,0,0,0,1,0,0,0,0,0,0
20181129,2,"['jones,jovan', 'kacmarek,daniel', 'moon,ryan', 'taylor,marc', 'vincebrookins,jr']",06:03,05:56,0,,0,,0,,0,,0,,0,,0,,0,,0,,0,,0,,0,,0,,0,,0,,0,,0,0,1,0,1,0,0,0,0,0,0,0,0,0,0,0
20181129,2,"['jones,jovan', 'kacmarek,daniel', 'moon,ryan', 'taylor,marc', 'vincebrookins,jr']",05:56,05:56,0,,0,,0,,0,,0,,0,,0,,0,,0,,1,"moon,ryan",0,,0,,0,,0,,0,,0,,0,0,0,0,0,0,0,0,0,0,0,0,0,0,0,0
20181129,2,"['jones,jovan', 'kacmarek,daniel', 'moon,ryan', 'taylor,marc', 'vincebrookins,jr']",05:56,05:50,1,"vincebrookins,jr",1,"vincebrookins,jr",0,,0,,1,"vincebrookins,jr",1,"vincebrookins,jr",0,,0,,0,,0,,0,,0,,0,,0,,0,,2,"vincebrookins,jr",0,0,0,0,0,0,0,0,0,0,0,0,0,0,0,0
20181129,2,"['jones,jovan', 'kacmarek,daniel', 'moon,ryan', 'taylor,marc', 'vincebrookins,jr']",05:50,05:50,0,,0,,0,,0,,0,,0,,0,,0,,0,,0,,1,"taylor,marc",0,,0,,0,,0,,0,,0,0,0,0,0,0,0,0,0,0,0,0,0,0,0,0
20181129,2,"['jones,jovan', 'kacmarek,daniel', 'moon,ryan', 'taylor,marc', 'vincebrookins,jr']",05:50,05:37,0,,0,,0,,0,,0,,0,,0,,0,,0,,0,,0,,0,,0,,0,,0,,0,,0,0,0,0,0,0,0,0,0,0,0,0,0,1,0,0
20181129,2,"['jones,jovan', 'kacmarek,daniel', 'moon,ryan', 'taylor,marc', 'vincebrookins,jr']",05:37,05:37,0,,0,,0,,0,,0,,0,,0,,0,,0,,0,,0,,0,,0,,0,,0,,0,,0,0,0,0,0,0,0,0,0,0,0,1,0,0,0,0
20181129,2,"['jones,jovan', 'kacmarek,daniel', 'moon,ryan', 'taylor,marc', 'vincebrookins,jr']",05:37,05:18,1,"jones,jovan",0,,0,,0,,1,"jones,jovan",0,,0,,0,,0,,0,,0,,0,,0,,0,,0,,0,,0,0,0,0,0,0,0,0,0,0,0,0,0,0,0,0
20181129,2,"['jones,jovan', 'kacmarek,daniel', 'moon,ryan', 'taylor,marc', 'vincebrookins,jr']",05:18,05:18,0,,0,,0,,0,,0,,0,,0,,0,,0,,0,,0,,0,,0,,0,,0,,0,,0,0,0,0,0,0,0,0,0,1,0,0,0,0,0,0
20181129,2,"['jones,jovan', 'kacmarek,daniel', 'moon,ryan', 'taylor,marc', 'vincebrookins,jr']",05:18,05:12,0,,0,,0,,0,,0,,0,,0,,0,,0,,0,,0,,0,,0,,0,,0,,0,,0,0,1,0,1,0,0,0,0,0,0,0,0,0,0,0
20181129,2,"['jones,jovan', 'kacmarek,daniel', 'moon,ryan', 'taylor,marc', 'vincebrookins,jr']",05:12,05:12,0,,0,,0,,0,,0,,0,,0,,0,,0,,1,"taylor,marc",0,,0,,0,,0,,0,,0,,0,0,0,0,0,0,0,0,0,0,0,0,0,0,0,0
20181129,2,"['jones,jovan', 'kacmarek,daniel', 'moon,ryan', 'taylor,marc', 'vincebrookins,jr']",05:12,04:46,0,,0,,1,"jones,jovan",0,,1,"jones,jovan",0,,0,,0,,0,,0,,0,,0,,0,,0,,0,,0,,0,0,0,0,0,0,0,0,0,0,0,0,0,0,0,0
20181129,2,"['jones,jovan', 'kacmarek,daniel', 'moon,ryan', 'taylor,marc', 'vincebrookins,jr']",04:46,04:46,0,,0,,0,,0,,0,,0,,0,,0,,0,,0,,0,,0,,0,,0,,0,,0,,0,0,0,0,0,0,0,0,0,1,0,0,0,0,0,0
20181129,2,"['jones,jovan', 'kacmarek,daniel', 'moon,ryan', 'taylor,marc', 'vincebrookins,jr']",04:46,04:38,0,,0,,0,,0,,0,,0,,0,,0,,0,,0,,0,,0,,0,,0,,0,,0,,0,0,1,0,1,0,0,0,0,0,0,0,0,0,0,0
20181129,2,"['jones,jovan', 'kacmarek,daniel', 'moon,ryan', 'taylor,marc', 'vincebrookins,jr']",04:38,04:38,0,,0,,0,,0,,0,,0,,0,,0,,0,,1,"jones,jovan",0,,0,,0,,0,,0,,0,,0,0,0,0,0,0,0,0,0,0,0,0,0,0,0,0
20181129,2,"['jones,jovan', 'kacmarek,daniel', 'moon,ryan', 'taylor,marc', 'vincebrookins,jr']",04:38,04:22,1,"moon,ryan",0,,0,,0,,1,"moon,ryan",0,,0,,0,,0,,0,,0,,0,,0,,0,,0,,0,,0,0,0,0,0,0,0,0,0,0,0,0,0,0,0,0
20181129,2,"['jones,jovan', 'kacmarek,daniel', 'moon,ryan', 'taylor,marc', 'vincebrookins,jr']",04:22,04:22,0,,0,,0,,0,,0,,0,,0,,0,,0,,0,,0,,0,,0,,0,,0,,0,,0,0,0,0,0,0,0,0,0,1,0,0,0,0,0,0
20181129,2,"['jones,jovan', 'kacmarek,daniel', 'moon,ryan', 'taylor,marc', 'vincebrookins,jr']",04:22,04:12,0,,0,,0,,0,,0,,0,,0,,0,,0,,0,,0,,0,,0,,0,,0,,0,,1,1,0,0,1,1,0,0,0,0,0,0,0,0,0,2
20181129,2,"['jones,jovan', 'kacmarek,daniel', 'moon,ryan', 'taylor,marc', 'vincebrookins,jr']",04:12,03:47,0,,0,,1,"vincebrookins,jr",1,"vincebrookins,jr",1,"vincebrookins,jr",1,"vincebrookins,jr",0,,0,,0,,0,,0,,0,,0,,0,,0,,3,"vincebrookins,jr",0,0,0,0,0,0,0,0,0,0,0,0,0,0,0,0
20181129,2,"['jones,jovan', 'kacmarek,daniel', 'moon,ryan', 'taylor,marc', 'vincebrookins,jr']",03:47,03:31,0,,0,,0,,0,,0,,0,,0,,0,,0,,0,,0,,0,,0,,0,,0,,0,,1,1,0,0,1,1,0,0,0,0,0,0,0,0,0,2
20181129,2,"['jones,jovan', 'kacmarek,daniel', 'moon,ryan', 'taylor,marc', 'vincebrookins,jr']",03:31,03:31,0,,0,,0,,0,,0,,0,,0,,0,,0,,0,,0,,0,,0,,1,"jones,jovan",0,,0,,0,0,0,0,0,0,0,0,0,0,0,0,0,0,0,0
20181129,2,"['jones,jovan', 'kacmarek,daniel', 'moon,ryan', 'taylor,marc', 'vincebrookins,jr']",03:31,03:31,0,,0,,0,,0,,0,,0,,0,,0,,0,,0,,0,,0,,0,,0,,0,,0,,0,0,0,0,0,0,1,0,0,0,0,0,0,0,0,0
20181129,2,"['jones,jovan', 'kacmarek,daniel', 'moon,ryan', 'taylor,marc', 'vincebrookins,jr']",03:31,03:31,0,,0,,0,,0,,0,,0,,0,,0,,0,,1,team,0,,0,,0,,0,,0,,0,,0,0,0,0,0,0,0,0,0,0,0,0,0,0,0,0
20181129,2,"['jones,jovan', 'kacmarek,daniel', 'moon,ryan', 'spivy,spencer', 'taylor,marc']",03:31,03:15,1,"jones,jovan",0,,0,,0,,1,"jones,jovan",0,,0,,0,,0,,0,,0,,0,,0,,0,,0,,0,,0,0,0,0,0,0,0,0,0,0,0,0,0,0,0,0
20181129,2,"['jones,jovan', 'kacmarek,daniel', 'moon,ryan', 'spivy,spencer', 'taylor,marc']",03:15,03:15,0,,0,,0,,0,,0,,0,,0,,0,,1,"jones,jovan",0,,0,,0,,0,,0,,0,,0,,0,0,0,0,0,0,0,0,0,0,0,0,0,0,0,0
20181129,2,"['jones,jovan', 'kacmarek,daniel', 'moon,ryan', 'spivy,spencer', 'taylor,marc']",03:15,03:11,1,"jones,jovan",0,,0,,0,,1,"jones,jovan",0,,0,,0,,0,,0,,0,,0,,0,,0,,0,,0,,0,0,0,0,0,0,0,0,0,0,0,0,0,0,0,0
20181129,2,"['jones,jovan', 'kacmarek,daniel', 'moon,ryan', 'spivy,spencer', 'taylor,marc']",03:11,03:11,0,,0,,0,,0,,0,,0,,0,,0,,1,"kacmarek,daniel",0,,0,,0,,0,,0,,0,,0,,0,0,0,0,0,0,0,0,0,0,0,0,0,0,0,0
20181129,2,"['jones,jovan', 'kacmarek,daniel', 'moon,ryan', 'spivy,spencer', 'taylor,marc']",03:11,03:08,1,"kacmarek,daniel",1,"kacmarek,daniel",0,,0,,1,"kacmarek,daniel",1,"kacmarek,daniel",0,,0,,0,,0,,0,,0,,0,,0,,0,,2,"kacmarek,daniel",0,0,0,0,0,0,0,0,0,0,0,0,0,0,0,0
20181129,2,"['jones,jovan', 'kacmarek,daniel', 'moon,ryan', 'spivy,spencer', 'taylor,marc']",03:08,02:56,0,,0,,0,,0,,0,,0,,0,,0,,0,,0,,0,,0,,0,,0,,0,,0,,0,0,1,0,1,0,0,0,0,0,0,0,0,0,0,0
20181129,2,"['jones,jovan', 'kacmarek,daniel', 'moon,ryan', 'spivy,spencer', 'taylor,marc']",02:56,02:56,0,,0,,0,,0,,0,,0,,0,,0,,0,,1,"taylor,marc",0,,0,,0,,0,,0,,0,,0,0,0,0,0,0,0,0,0,0,0,0,0,0,0,0
20181129,2,"['jones,jovan', 'kacmarek,daniel', 'moon,ryan', 'spivy,spencer', 'taylor,marc']",02:56,02:47,0,,0,,0,,0,,0,,0,,0,,0,,0,,0,,0,,0,,0,,0,,0,,0,,0,0,0,0,0,0,0,0,0,0,0,0,0,1,0,0
20181129,2,"['jones,jovan', 'kacmarek,daniel', 'moon,ryan', 'spivy,spencer', 'taylor,marc']",02:47,02:47,0,,0,,0,,0,,0,,0,,1,"jones,jovan",1,"jones,jovan",0,,0,,0,,0,,0,,0,,0,,1,"jones,jovan",0,0,0,0,0,0,0,0,0,0,0,0,0,0,0,0
20181129,2,"['jones,jovan', 'kacmarek,daniel', 'moon,ryan', 'spivy,spencer', 'taylor,marc']",02:47,02:47,0,,0,,0,,0,,0,,0,,1,"jones,jovan",1,"jones,jovan",0,,0,,0,,0,,0,,0,,0,,1,"jones,jovan",0,0,0,0,0,0,0,0,0,0,0,0,0,0,0,0
20181129,2,"['jones,jovan', 'kacmarek,daniel', 'moon,ryan', 'spivy,spencer', 'taylor,marc']",02:47,02:26,0,,0,,0,,0,,0,,0,,0,,0,,0,,0,,0,,0,,0,,0,,0,,0,,0,0,1,1,1,1,0,0,0,0,0,0,0,0,0,3
20181129,2,"['jones,jovan', 'kacmarek,daniel', 'moon,ryan', 'spivy,spencer', 'taylor,marc']",02:26,02:26,0,,0,,0,,0,,0,,0,,0,,0,,0,,0,,0,,0,,0,,0,,0,,0,,0,0,0,0,0,0,0,0,0,0,1,0,0,0,0,0
20181129,2,"['jones,jovan', 'kacmarek,daniel', 'moon,ryan', 'spivy,spencer', 'taylor,marc']",02:26,01:55,1,"taylor,marc",1,"taylor,marc",0,,0,,1,"taylor,marc",1,"taylor,marc",0,,0,,0,,0,,0,,0,,0,,0,,0,,2,"taylor,marc",0,0,0,0,0,0,0,0,0,0,0,0,0,0,0,0
20181129,2,"['jones,jovan', 'kacmarek,daniel', 'moon,ryan', 'spivy,spencer', 'taylor,marc']",01:55,01:55,0,,0,,0,,0,,0,,0,,0,,0,,0,,0,,1,"jones,jovan",0,,0,,0,,0,,0,,0,0,0,0,0,0,0,0,0,0,0,0,0,0,0,0
20181129,2,"['jones,jovan', 'kacmarek,daniel', 'moon,ryan', 'spivy,spencer', 'taylor,marc']",01:55,01:47,0,,0,,0,,0,,0,,0,,0,,0,,0,,0,,0,,0,,0,,0,,0,,0,,1,0,0,0,1,0,0,0,0,0,0,0,0,0,0,0
20181129,2,"['jones,jovan', 'kacmarek,daniel', 'moon,ryan', 'spivy,spencer', 'taylor,marc']",01:47,01:47,0,,0,,0,,0,,0,,0,,0,,0,,0,,1,"kacmarek,daniel",0,,0,,0,,0,,0,,0,,0,0,0,0,0,0,0,0,0,0,0,0,0,0,0,0
20181129,2,"['jones,jovan', 'kacmarek,daniel', 'moon,ryan', 'spivy,spencer', 'taylor,marc']",01:47,01:41,0,,0,,0,,0,,0,,0,,0,,0,,0,,0,,0,,0,,0,,0,,0,,0,,0,0,0,0,0,0,0,0,0,0,0,0,0,1,0,0
20181129,2,"['jones,jovan', 'kacmarek,daniel', 'moon,ryan', 'spivy,spencer', 'taylor,marc']",01:41,01:41,0,,0,,0,,0,,0,,0,,1,"jones,jovan",0,,0,,0,,0,,0,,0,,0,,0,,0,,0,0,0,0,0,0,0,0,0,0,0,0,0,0,0,0
20181129,2,"['jones,jovan', 'kacmarek,daniel', 'moon,ryan', 'spivy,spencer', 'taylor,marc']",01:41,01:41,0,,0,,0,,0,,0,,0,,1,"jones,jovan",0,,0,,0,,0,,0,,0,,0,,0,,0,,0,0,0,0,0,0,0,0,0,0,0,0,0,0,0,0
20181129,2,"['jones,jovan', 'kacmarek,daniel', 'moon,ryan', 'spivy,spencer', 'taylor,marc']",01:41,01:41,0,,0,,0,,0,,0,,0,,0,,0,,0,,0,,0,,0,,0,,0,,0,,0,,0,0,0,0,0,0,0,0,0,1,0,0,0,0,0,0
20181129,2,"['jones,jovan', 'kacmarek,daniel', 'moon,ryan', 'spivy,spencer', 'taylor,marc']",01:41,01:33,0,,0,,0,,0,,0,,0,,0,,0,,0,,0,,0,,0,,0,,0,,0,,0,,1,1,0,0,1,1,0,0,0,0,0,0,0,0,0,2
20181129,2,"['jones,jovan', 'kacmarek,daniel', 'moon,ryan', 'spivy,spencer', 'taylor,marc']",01:33,01:06,0,,0,,1,"taylor,marc",1,"taylor,marc",1,"taylor,marc",1,"taylor,marc",0,,0,,0,,0,,0,,0,,0,,0,,0,,3,"taylor,marc",0,0,0,0,0,0,0,0,0,0,0,0,0,0,0,0
20181129,2,"['jones,jovan', 'kacmarek,daniel', 'moon,ryan', 'spivy,spencer', 'taylor,marc']",01:06,01:06,0,,0,,0,,0,,0,,0,,0,,0,,0,,0,,1,"moon,ryan",0,,0,,0,,0,,0,,0,0,0,0,0,0,0,0,0,0,0,0,0,0,0,0
20181129,2,"['jones,jovan', 'kacmarek,daniel', 'moon,ryan', 'spivy,spencer', 'taylor,marc']",01:06,00:41,0,,0,,0,,0,,0,,0,,0,,0,,0,,0,,0,,0,,0,,0,,0,,0,,0,0,1,0,1,0,0,0,0,0,0,0,0,0,0,0
20181129,2,"['jones,jovan', 'kacmarek,daniel', 'moon,ryan', 'spivy,spencer', 'taylor,marc']",00:41,00:41,0,,0,,0,,0,,0,,0,,0,,0,,0,,1,"moon,ryan",0,,0,,0,,0,,0,,0,,0,0,0,0,0,0,0,0,0,0,0,0,0,0,0,0
20181129,2,"['jones,jovan', 'kacmarek,daniel', 'moon,ryan', 'spivy,spencer', 'taylor,marc']",00:41,00:13,1,"jones,jovan",0,,0,,0,,1,"jones,jovan",0,,0,,0,,0,,0,,0,,0,,0,,0,,0,,0,,0,0,0,0,0,0,0,0,0,0,0,0,0,0,0,0
20181129,2,"['jones,jovan', 'kacmarek,daniel', 'moon,ryan', 'spivy,spencer', 'taylor,marc']",00:13,00:13,0,,0,,0,,0,,0,,0,,0,,0,,1,"taylor,marc",0,,0,,0,,0,,0,,0,,0,,0,0,0,0,0,0,0,0,0,0,0,0,0,0,0,0
20181129,2,"['jones,jovan', 'kacmarek,daniel', 'moon,ryan', 'spivy,spencer', 'taylor,marc']",00:13,00:09,1,"taylor,marc",1,"taylor,marc",0,,0,,1,"taylor,marc",1,"taylor,marc",0,,0,,0,,0,,0,,0,,0,,0,,0,,2,"taylor,marc",0,0,0,0,0,0,0,0,0,0,0,0,0,0,0,0
20181129,2,"['jones,jovan', 'kacmarek,daniel', 'moon,ryan', 'spivy,spencer', 'taylor,marc']",00:09,00:00,0,,0,,0,,0,,0,,0,,0,,0,,0,,0,,0,,0,,0,,0,,0,,0,,0,0,0,0,0,0,0,0,0,0,0,1,0,0,0,0
20181129,2,"['jones,jovan', 'kacmarek,daniel', 'moon,ryan', 'spivy,spencer', 'taylor,marc']",00:00,00:00,0,,0,,0,,0,,0,,0,,0,,0,,0,,0,,0,,0,,1,"jones,jovan",0,,0,,0,,0,0,0,0,0,0,0,0,0,0,0,0,0,0,0,0
20181129,2,"['jones,jovan', 'kacmarek,daniel', 'moon,ryan', 'spivy,spencer', 'taylor,marc']",00:00,00:00,0,,0,,0,,0,,0,,0,,0,,0,,0,,0,,0,,0,,0,,0,,0,,0,,0,0,0,0,0,0,0,0,0,0,0,0,0,0,0,0
